user,profile_link,follower_count,following_count
patricelevinson,https://twitter.com/patricelevinson,132,1,269
aysenur_s_kara,https://twitter.com/aysenur_s_kara,37,163
jackiedavistime,https://twitter.com/jackiedavistime,11,47
iliasperakis,https://twitter.com/iliasperakis,18,44
sugasentsp,https://twitter.com/sugasentsp,2,93
gmunewventures,https://twitter.com/gmunewventures,29,110
nespreso3,https://twitter.com/nespreso3,5,66
hassan71210130,https://twitter.com/hassan71210130,2,50
sayed44686327,https://twitter.com/sayed44686327,0,35
faizu_tk,https://twitter.com/faizu_tk,10,229
salmanalsager1,https://twitter.com/salmanalsager1,8,86
zaheera12897654,https://twitter.com/zaheera12897654,6,178
mohamma68669070,https://twitter.com/mohamma68669070,0,40
xrdr2updmdehdbj,https://twitter.com/xrdr2updmdehdbj,14,99
rasim02243781,https://twitter.com/rasim02243781,0,16
alothmannazek,https://twitter.com/alothmannazek,7,57
fawaz03756562,https://twitter.com/fawaz03756562,0,50
zawati_abeer,https://twitter.com/zawati_abeer,0,48
mido98294425,https://twitter.com/mido98294425,5,46
nour42537369,https://twitter.com/nour42537369,28,219
hyjfddirdehxagc,https://twitter.com/hyjfddirdehxagc,2,37
saravan75293362,https://twitter.com/saravan75293362,4,47
mohamme62241541,https://twitter.com/mohamme62241541,0,22
zuhainah1,https://twitter.com/zuhainah1,0,4
mustafa48370852,https://twitter.com/mustafa48370852,48,652
ansrai1,https://twitter.com/ansrai1,8,493
shahad100hotma2,https://twitter.com/shahad100hotma2,2,15
aishaam48210215,https://twitter.com/aishaam48210215,26,55
shams26193484,https://twitter.com/shams26193484,2,49
nc5588,https://twitter.com/nc5588,25,642
awseraphic,https://twitter.com/awseraphic,72,182
sintegacademy,https://twitter.com/sintegacademy,15,396
ramonvalois17,https://twitter.com/ramonvalois17,79,4,860
dsgmu,https://twitter.com/dsgmu,160,116
meghanwidmaier,https://twitter.com/meghanwidmaier,19,117
lokythor,https://twitter.com/lokythor,458,1,131
gmunycalumni,https://twitter.com/gmunycalumni,117,346
cehd_saa,https://twitter.com/cehd_saa,293,224
mariboj,https://twitter.com/mariboj,92,395
eva_blair10,https://twitter.com/eva_blair10,280,307
sean_mallon,https://twitter.com/sean_mallon,281,278
dpfoser,https://twitter.com/dpfoser,121,227
jozterrill,https://twitter.com/jozterrill,6,82
csggene3,https://twitter.com/csggene3,875,4,435
farhaaax,https://twitter.com/farhaaax,204,544
venkat55venkat,https://twitter.com/venkat55venkat,203,4,991
bgbeck1,https://twitter.com/bgbeck1,20,43
irelibutt,https://twitter.com/irelibutt,5,146
shamar_d101,https://twitter.com/shamar_d101,642,4,905
kristaaal13,https://twitter.com/kristaaal13,8,125
malldomino,https://twitter.com/malldomino,6,160
shpephowardu,https://twitter.com/shpephowardu,274,913
vhepc1,https://twitter.com/vhepc1,190,984
jocelinidiaz,https://twitter.com/jocelinidiaz,69,396
dannyjlebrun,https://twitter.com/dannyjlebrun,422,673
flywithgeodata,https://twitter.com/flywithgeodata,151,733
bosbeijer,https://twitter.com/bosbeijer,154,223
pk1eng,https://twitter.com/pk1eng,0,87
ipranavkrishna,https://twitter.com/ipranavkrishna,38,390
virginiadcr,https://twitter.com/virginiadcr,3,208,3,421
anthoyemite,https://twitter.com/anthoyemite,41,72
masoncehd,https://twitter.com/masoncehd,1,203,219
ultra_ic,https://twitter.com/ultra_ic,185,1,125
hessnesbit,https://twitter.com/hessnesbit,40,393
neuraleng,https://twitter.com/neuraleng,88,106
princewmlibrary,https://twitter.com/princewmlibrary,4,119,4,010
msummersgmu,https://twitter.com/msummersgmu,0,3
tbsg,https://twitter.com/tbsg,213,444
lexdashhh,https://twitter.com/lexdashhh,57,524
bekspettine,https://twitter.com/bekspettine,1,087,532
williamseast15,https://twitter.com/williamseast15,1,301,4,977
xanthostoma,https://twitter.com/xanthostoma,28,242
tedxubud,https://twitter.com/tedxubud,6,307,861
des_tynn,https://twitter.com/des_tynn,330,479
mssmalik95,https://twitter.com/mssmalik95,65,390
ksu_mhkareahs,https://twitter.com/ksu_mhkareahs,847,5,000
rlherh,https://twitter.com/rlherh,7,90
kstate_acmsigai,https://twitter.com/kstate_acmsigai,535,3,159
ksuderekc,https://twitter.com/ksuderekc,1,259,4,980
vacas2020,https://twitter.com/vacas2020,37,178
primalkitchen,https://twitter.com/primalkitchen,12.4K,1,471
msakine36,https://twitter.com/msakine36,306,4,412
gmunoteworthy,https://twitter.com/gmunoteworthy,96,67
kerinhilker,https://twitter.com/kerinhilker,56,180
laur3ntv,https://twitter.com/laur3ntv,213,1,455
caistartups,https://twitter.com/caistartups,9,651,9,932
ibis_jacquel,https://twitter.com/ibis_jacquel,25,4,921
gradyjones2018,https://twitter.com/gradyjones2018,25,695
vaishnavi_m15,https://twitter.com/vaishnavi_m15,6,56
pat_guillenpiaz,https://twitter.com/pat_guillenpiaz,35,125
kcbeth,https://twitter.com/kcbeth,552,1,547
genxhelen,https://twitter.com/genxhelen,263,1,036
stephvkortchak,https://twitter.com/stephvkortchak,199,727
lamyaalomair,https://twitter.com/lamyaalomair,713,564
volcanovoyager,https://twitter.com/volcanovoyager,34,49
sciencemusofva,https://twitter.com/sciencemusofva,24.6K,7,024
bgg415,https://twitter.com/bgg415,6,772
sabihasalma,https://twitter.com/sabihasalma,9,31
htmlamanda,https://twitter.com/htmlamanda,608,764
auffret_mar,https://twitter.com/auffret_mar,113,81
rsingher,https://twitter.com/rsingher,80,226
masonexeced,https://twitter.com/masonexeced,277,406
oregonnecticut,https://twitter.com/oregonnecticut,194,2,793
r2chair,https://twitter.com/r2chair,1,481,1,995
drgnlab,https://twitter.com/drgnlab,53,27
artificialmd,https://twitter.com/artificialmd,8,307
yasiralshawk,https://twitter.com/yasiralshawk,69,940
wesusna,https://twitter.com/wesusna,414,637
perec_gmu,https://twitter.com/perec_gmu,224,162
gmustem,https://twitter.com/gmustem,16,8
rebegol,https://twitter.com/rebegol,929,764
sbrown2648,https://twitter.com/sbrown2648,105,398
spectrolightinc,https://twitter.com/spectrolightinc,206,576
robblopz,https://twitter.com/robblopz,19,257
gmu_stc,https://twitter.com/gmu_stc,188,64
sissiribeiro91,https://twitter.com/sissiribeiro91,58,259
jrrgmu,https://twitter.com/jrrgmu,0,3
colinclimate,https://twitter.com/colinclimate,688,2,063
schar_uso,https://twitter.com/schar_uso,50,119
gmustatistics,https://twitter.com/gmustatistics,129,93
chesummers,https://twitter.com/chesummers,0,4
gwisci,https://twitter.com/gwisci,2,276,399
cinaatmason,https://twitter.com/cinaatmason,203,458
jenniferstoebne,https://twitter.com/jenniferstoebne,33,349
rubenody,https://twitter.com/rubenody,496,5,003
jauntywight,https://twitter.com/jauntywight,105,784
therealdifoster,https://twitter.com/therealdifoster,15,90
putneyswope7,https://twitter.com/putneyswope7,743,3,986
m_n_hudgins,https://twitter.com/m_n_hudgins,106,194
mwcog,https://twitter.com/mwcog,3,498,1,298
masoneconomics,https://twitter.com/masoneconomics,993,132
coralmicrobe,https://twitter.com/coralmicrobe,572,238
joakley82,https://twitter.com/joakley82,9,31
jesslrosenberg,https://twitter.com/jesslrosenberg,87,155
elainetholen,https://twitter.com/elainetholen,713,981
barneybbishop1,https://twitter.com/barneybbishop1,15,27
ertugrl12,https://twitter.com/ertugrl12,24,177
forbiddenrose13,https://twitter.com/forbiddenrose13,22,60
tom_polk,https://twitter.com/tom_polk,594,3,498
mccauley_liz,https://twitter.com/mccauley_liz,881,4,998
tthyvo,https://twitter.com/tthyvo,12,49
tsoka_kabelo,https://twitter.com/tsoka_kabelo,120,2,125
jennifernvictor,https://twitter.com/jennifernvictor,14.5K,6,798
kstate_bigdata,https://twitter.com/kstate_bigdata,1,431,68
anveshtummala,https://twitter.com/anveshtummala,84,328
researchadmjobs,https://twitter.com/researchadmjobs,180,374
vitus_horace,https://twitter.com/vitus_horace,107,1,371
polnet2018,https://twitter.com/polnet2018,602,2,012
ctompkin,https://twitter.com/ctompkin,71,225
marionziemke,https://twitter.com/marionziemke,534,2,395
broadwayaddict,https://twitter.com/broadwayaddict,84,275
_greys_a,https://twitter.com/_greys_a,188,217
demutsertlab,https://twitter.com/demutsertlab,275,277
victoriaw330,https://twitter.com/victoriaw330,241,241
wesleyward_,https://twitter.com/wesleyward_,50,251
novatechcouncil,https://twitter.com/novatechcouncil,6,347,1,612
ashburn_glass,https://twitter.com/ashburn_glass,748,4,540
joelwjr,https://twitter.com/joelwjr,12,49
anitamarchesani,https://twitter.com/anitamarchesani,626,800
dominic_straq,https://twitter.com/dominic_straq,44,143
lilbitoflauren,https://twitter.com/lilbitoflauren,618,517
lmjhawks,https://twitter.com/lmjhawks,153,1,786
spiritsquadgmu,https://twitter.com/spiritsquadgmu,375,256
masoncyber,https://twitter.com/masoncyber,1,931,4,994
potomaccommis,https://twitter.com/potomaccommis,825,1,793
urbanbeehives,https://twitter.com/urbanbeehives,342,811
sandiaxs,https://twitter.com/sandiaxs,2,16
scalarforge,https://twitter.com/scalarforge,110,1,182
icildarattigan,https://twitter.com/icildarattigan,32,179
realfoodgmu,https://twitter.com/realfoodgmu,16,85
umdgtu,https://twitter.com/umdgtu,91,149
mlewis91,https://twitter.com/mlewis91,51,3,506
enrel01,https://twitter.com/enrel01,75,561
jxazz,https://twitter.com/jxazz,4,356,1,181
ssacgmu,https://twitter.com/ssacgmu,381,328
fowler_lab,https://twitter.com/fowler_lab,212,174
masonenggrad,https://twitter.com/masonenggrad,111,166
shoutoutloudoun,https://twitter.com/shoutoutloudoun,1,437,1,229
nwfoundation_,https://twitter.com/nwfoundation_,409,768
ejohnson_27,https://twitter.com/ejohnson_27,104,201
ojamove,https://twitter.com/ojamove,499,2,889
hdtvjd,https://twitter.com/hdtvjd,345,2,679
veldezjoshua,https://twitter.com/veldezjoshua,12,26
jmucsm,https://twitter.com/jmucsm,251,269
anna_reid910,https://twitter.com/anna_reid910,46,243
masonucstrasi,https://twitter.com/masonucstrasi,162,272
samdildayart,https://twitter.com/samdildayart,463,1,294
masonvets,https://twitter.com/masonvets,196,403
auzybear,https://twitter.com/auzybear,274,975
shatabdi87,https://twitter.com/shatabdi87,40,885
masonathleticcr,https://twitter.com/masonathleticcr,470,428
evanmichio,https://twitter.com/evanmichio,104,416
rose4results,https://twitter.com/rose4results,1,510,4,560
g2gconsulting,https://twitter.com/g2gconsulting,858,1,817
vibrenthealth,https://twitter.com/vibrenthealth,594,1,570
quaabduldalwi,https://twitter.com/quaabduldalwi,3,450
gmu_sure,https://twitter.com/gmu_sure,4,12
kcev,https://twitter.com/kcev,49,89
ajitsmartboy1,https://twitter.com/ajitsmartboy1,4,78
igsagmu,https://twitter.com/igsagmu,23,51
nasemfordfellow,https://twitter.com/nasemfordfellow,2,758,1,522
countryrhoadess,https://twitter.com/countryrhoadess,799,1,503
asprs_mason,https://twitter.com/asprs_mason,14,22
hrieniets,https://twitter.com/hrieniets,464,720
chemexams,https://twitter.com/chemexams,158,3,828
epeters0001,https://twitter.com/epeters0001,42,82
heyitssnoor,https://twitter.com/heyitssnoor,333,362
taekwoonsface,https://twitter.com/taekwoonsface,17,154
_sidraahmed_,https://twitter.com/_sidraahmed_,151,245
nataliahindi1,https://twitter.com/nataliahindi1,189,152
tharunak,https://twitter.com/tharunak,21,356
emilysoto96,https://twitter.com/emilysoto96,291,212
liming_world,https://twitter.com/liming_world,7,45
itszeebruh,https://twitter.com/itszeebruh,81,118
ally_goodman,https://twitter.com/ally_goodman,236,163
llaurenmorrris,https://twitter.com/llaurenmorrris,361,443
acmivanj,https://twitter.com/acmivanj,226,240
a_garrity2,https://twitter.com/a_garrity2,293,355
delgadoismael25,https://twitter.com/delgadoismael25,115,246
divingwsharks,https://twitter.com/divingwsharks,443,1,940
olgaki_g,https://twitter.com/olgaki_g,9,30
sinnerfrombirth,https://twitter.com/sinnerfrombirth,6,41
ayadurgham,https://twitter.com/ayadurgham,16,135
abivens_7,https://twitter.com/abivens_7,1,098,927
maruchelys,https://twitter.com/maruchelys,95,90
hamlette_david,https://twitter.com/hamlette_david,149,210
mway15,https://twitter.com/mway15,4,34
laninasofiaa,https://twitter.com/laninasofiaa,402,300
bdonkor888,https://twitter.com/bdonkor888,36,63
0pherz,https://twitter.com/0pherz,538,576
larryornah__,https://twitter.com/larryornah__,407,308
jiezhang9999,https://twitter.com/jiezhang9999,2,7
turpentinecreek,https://twitter.com/turpentinecreek,1,220,175
zygonyx,https://twitter.com/zygonyx,3,19
allison1joyner,https://twitter.com/allison1joyner,90,324
tausigmabetanu,https://twitter.com/tausigmabetanu,10,57
gmu_altbreaks,https://twitter.com/gmu_altbreaks,41,215
masonitservices,https://twitter.com/masonitservices,581,73
flora_refuge,https://twitter.com/flora_refuge,3,52
masonrotc,https://twitter.com/masonrotc,30,87
bvillerhonda,https://twitter.com/bvillerhonda,8,408
masoncard,https://twitter.com/masoncard,529,246
mchristopher1,https://twitter.com/mchristopher1,333,523
ancientshower,https://twitter.com/ancientshower,0,212
mickeylovesd,https://twitter.com/mickeylovesd,39,191
chalkleycharles,https://twitter.com/chalkleycharles,82,141
juliabr64403791,https://twitter.com/juliabr64403791,3,11
nancihellmich,https://twitter.com/nancihellmich,3,596,855
kellyatmason,https://twitter.com/kellyatmason,10,113
dr_esprit,https://twitter.com/dr_esprit,26,234
oznurrr___,https://twitter.com/oznurrr___,80,113
cfnova,https://twitter.com/cfnova,1,423,1,253
jdhollis123,https://twitter.com/jdhollis123,181,425
masonifepm,https://twitter.com/masonifepm,12,87
m_ragini6,https://twitter.com/m_ragini6,106,268
startupmason,https://twitter.com/startupmason,281,110
eriksimutech,https://twitter.com/eriksimutech,13,158
yenoham_,https://twitter.com/yenoham_,408,895
dspapers,https://twitter.com/dspapers,22,120
a_big_ail_marie,https://twitter.com/a_big_ail_marie,67,411
jmkinser,https://twitter.com/jmkinser,24,29
margrethjalm,https://twitter.com/margrethjalm,631,1,059
sadiqpe,https://twitter.com/sadiqpe,74,2,096
gmu_stemcamp,https://twitter.com/gmu_stemcamp,25,3
sanandrex,https://twitter.com/sanandrex,349,586
mercerscitech,https://twitter.com/mercerscitech,327,311
pawmiloni,https://twitter.com/pawmiloni,15,104
pooltable_mover,https://twitter.com/pooltable_mover,19.1K,82.2K
medxgmu,https://twitter.com/medxgmu,55,129
selenacaoo,https://twitter.com/selenacaoo,342,275
vjohnsonabc7,https://twitter.com/vjohnsonabc7,12.6K,1,963
larzhelmut,https://twitter.com/larzhelmut,95,1,600
nicolefreebourn,https://twitter.com/nicolefreebourn,29,18
benjaminchacon,https://twitter.com/benjaminchacon,1,648,5,002
dmvforsale,https://twitter.com/dmvforsale,725,4,733
potomacscictr,https://twitter.com/potomacscictr,144,95
bpgeorgemason,https://twitter.com/bpgeorgemason,47,57
ejinaction,https://twitter.com/ejinaction,62.8K,61.5K
ellenkolonoski,https://twitter.com/ellenkolonoski,274,327
mukeshj45516960,https://twitter.com/mukeshj45516960,8,146
realdranita,https://twitter.com/realdranita,146,470
quinlancuddy,https://twitter.com/quinlancuddy,866,673
rotaractandheri,https://twitter.com/rotaractandheri,0,976
rtstauffacher,https://twitter.com/rtstauffacher,150,613
footesea,https://twitter.com/footesea,2,309,3,296
civilsurvivor,https://twitter.com/civilsurvivor,434,1,842
bryan_dewhalley,https://twitter.com/bryan_dewhalley,11,1,139
teresacalixto,https://twitter.com/teresacalixto,209,1,331
sacnas_gmu,https://twitter.com/sacnas_gmu,58,97
_ameamor,https://twitter.com/_ameamor,65,852
jimlaychak,https://twitter.com/jimlaychak,23,91
gmucomfortgm,https://twitter.com/gmucomfortgm,7,198
donna19761,https://twitter.com/donna19761,18,90
agkelaher,https://twitter.com/agkelaher,14,67
humanityinwe,https://twitter.com/humanityinwe,247,2,150
gmupsychology,https://twitter.com/gmupsychology,905,265
jobsatviu,https://twitter.com/jobsatviu,186,1,692
markaguisanda,https://twitter.com/markaguisanda,197,424
mecfairfax,https://twitter.com/mecfairfax,1,372,1,253
masonhousing,https://twitter.com/masonhousing,2,230,133
simplyytianna,https://twitter.com/simplyytianna,305,181
aaaduncan,https://twitter.com/aaaduncan,436,555
yun_zhao1997,https://twitter.com/yun_zhao1997,40,137
jujusaopaulo,https://twitter.com/jujusaopaulo,139,461
lana___hogan,https://twitter.com/lana___hogan,7,63
jesse_p_wong,https://twitter.com/jesse_p_wong,13,68
gmukappadelta,https://twitter.com/gmukappadelta,304,85
lauramcfall6,https://twitter.com/lauramcfall6,12,34
4pataconda,https://twitter.com/4pataconda,2,113
ronnitheriveter,https://twitter.com/ronnitheriveter,1,008,2,162
phmc83,https://twitter.com/phmc83,2,125
daniel_frank16,https://twitter.com/daniel_frank16,89,257
belg30,https://twitter.com/belg30,11,123
tanya_marie99,https://twitter.com/tanya_marie99,199,442
peaksproteomics,https://twitter.com/peaksproteomics,464,939
nehay4898yadav,https://twitter.com/nehay4898yadav,6,185
gmreview,https://twitter.com/gmreview,306,95
kmftimm,https://twitter.com/kmftimm,2,392,4,786
natureserve,https://twitter.com/natureserve,3,613,1,672
srn_evo,https://twitter.com/srn_evo,15,236
mason_ued,https://twitter.com/mason_ued,307,379
masonsuccess,https://twitter.com/masonsuccess,127,66
cloecore,https://twitter.com/cloecore,11,117
ariazati12,https://twitter.com/ariazati12,213,1,455
blessinloveth,https://twitter.com/blessinloveth,67,466
gmu_tv,https://twitter.com/gmu_tv,82,41
forammamma,https://twitter.com/forammamma,625,862
gmupcm,https://twitter.com/gmupcm,15,167
breithaupt_la,https://twitter.com/breithaupt_la,326,1,009
traytray_cad,https://twitter.com/traytray_cad,392,548
surveyramesh,https://twitter.com/surveyramesh,64,264
marilyntsmith,https://twitter.com/marilyntsmith,100,373
mbbseduconsult,https://twitter.com/mbbseduconsult,11,65
twbriggs,https://twitter.com/twbriggs,623,1,428
past_is_future,https://twitter.com/past_is_future,3,654,3,316
rmze_,https://twitter.com/rmze_,254,194
kenneditriplett,https://twitter.com/kenneditriplett,146,355
meyer_moll_,https://twitter.com/meyer_moll_,34,264
trajectorymag,https://twitter.com/trajectorymag,3,778,1,805
usgif,https://twitter.com/usgif,7,917,1,625
aersscience,https://twitter.com/aersscience,265,216
shhg25,https://twitter.com/shhg25,56,724
brentauble,https://twitter.com/brentauble,664,2,775
chenxi_ling,https://twitter.com/chenxi_ling,2,8
rmheath99,https://twitter.com/rmheath99,12,103
masonasme,https://twitter.com/masonasme,56,182
sarcasticsci_,https://twitter.com/sarcasticsci_,129,268
mdkershis,https://twitter.com/mdkershis,30,126
cbelle27,https://twitter.com/cbelle27,32,69
__shindig,https://twitter.com/__shindig,7,179
redtrades,https://twitter.com/redtrades,693,2,098
cscfairfax,https://twitter.com/cscfairfax,439,3,505
creatrixcampus,https://twitter.com/creatrixcampus,367,3,242
yatsevichm,https://twitter.com/yatsevichm,182,615
gmucyberclub,https://twitter.com/gmucyberclub,30,88
annetta_burger,https://twitter.com/annetta_burger,81,104
facultyscribe,https://twitter.com/facultyscribe,111,2,390
fremaux,https://twitter.com/fremaux,62,213
astute_fincorp,https://twitter.com/astute_fincorp,5,243
inovacph,https://twitter.com/inovacph,719,194
cody_locke,https://twitter.com/cody_locke,861,4,999
paulnreeve,https://twitter.com/paulnreeve,483,489
ceili_horrigan,https://twitter.com/ceili_horrigan,115,223
ligadonetworks,https://twitter.com/ligadonetworks,488,323
teamsalamander1,https://twitter.com/teamsalamander1,1,180,554
nickwalkerbio,https://twitter.com/nickwalkerbio,476,1,822
johnkiprobinson,https://twitter.com/johnkiprobinson,59,629
mantuaes,https://twitter.com/mantuaes,675,4,196
thatryanri,https://twitter.com/thatryanri,388,872
mirzayanfellow,https://twitter.com/mirzayanfellow,1,675,1,096
jolyan_2,https://twitter.com/jolyan_2,118,292
imbeccabee,https://twitter.com/imbeccabee,58,453
ryanbrownesq,https://twitter.com/ryanbrownesq,271,896
mikermatthews,https://twitter.com/mikermatthews,1,115,4,082
imalizardliz,https://twitter.com/imalizardliz,179,821
military_gmu,https://twitter.com/military_gmu,115,105
maggioniviviana,https://twitter.com/maggioniviviana,16,79
fallforthebook,https://twitter.com/fallforthebook,2,401,1,621
mowcow,https://twitter.com/mowcow,512,1,039
gailbohan,https://twitter.com/gailbohan,151,848
silentspring9,https://twitter.com/silentspring9,92,230
jensensunny,https://twitter.com/jensensunny,94,390
kmh_nowinva,https://twitter.com/kmh_nowinva,543,786
drewtwon,https://twitter.com/drewtwon,27,266
rjeric,https://twitter.com/rjeric,14,32
masonchss,https://twitter.com/masonchss,750,126
susancontreras,https://twitter.com/susancontreras,21,184
tozcss,https://twitter.com/tozcss,1,266,661
hjfmilmed,https://twitter.com/hjfmilmed,1,903,675
girlsinspired2,https://twitter.com/girlsinspired2,1,379,1,022
asp_gmu,https://twitter.com/asp_gmu,31,68
mvetsgmulaw,https://twitter.com/mvetsgmulaw,260,1,493
montemlife,https://twitter.com/montemlife,2,429,2,016
girdwoodecon,https://twitter.com/girdwoodecon,430,359
waio38,https://twitter.com/waio38,883,4,092
__a_r_w_a__,https://twitter.com/__a_r_w_a__,865,4,984
kjr2016,https://twitter.com/kjr2016,39,157
masonoutloud,https://twitter.com/masonoutloud,100,208
boisseaujacob,https://twitter.com/boisseaujacob,229,245
tracematters,https://twitter.com/tracematters,65,352
caboosebrewing,https://twitter.com/caboosebrewing,2,451,603
prestonwms,https://twitter.com/prestonwms,561,473
jjdavisuva,https://twitter.com/jjdavisuva,361,175
itstiffanyha,https://twitter.com/itstiffanyha,10,112
promitombhuiyan,https://twitter.com/promitombhuiyan,281,4,899
m00nera,https://twitter.com/m00nera,430,712
jemcmahon11,https://twitter.com/jemcmahon11,25,92
owlsyouneed,https://twitter.com/owlsyouneed,38,341
pauldelamater,https://twitter.com/pauldelamater,175,223
masonpatriotexp,https://twitter.com/masonpatriotexp,440,280
dgethachew,https://twitter.com/dgethachew,7,86
wolfey_woof,https://twitter.com/wolfey_woof,5,118
novasystemic,https://twitter.com/novasystemic,709,569
mellow_chinita,https://twitter.com/mellow_chinita,169,326
ethos_gmu,https://twitter.com/ethos_gmu,86,297
masonulife,https://twitter.com/masonulife,3,953,304
genegranger,https://twitter.com/genegranger,127,399
maruwahna,https://twitter.com/maruwahna,225,1,356
jhammat,https://twitter.com/jhammat,587,997
andrews_meghan,https://twitter.com/andrews_meghan,72,163
lonelanders,https://twitter.com/lonelanders,22,46
samsabes,https://twitter.com/samsabes,10,66
akosborne_,https://twitter.com/akosborne_,42,198
dimaxpo,https://twitter.com/dimaxpo,155,1,332
masonorientu,https://twitter.com/masonorientu,1,368,388
marryan65599368,https://twitter.com/marryan65599368,2,98
alonsoaguirre13,https://twitter.com/alonsoaguirre13,120,133
dc_carservice,https://twitter.com/dc_carservice,12.9K,29.9K
jenny_kim4,https://twitter.com/jenny_kim4,98,228
curinaction,https://twitter.com/curinaction,2,112,1,264
jsjehiehehe,https://twitter.com/jsjehiehehe,38,717
lyme_slayer,https://twitter.com/lyme_slayer,369,767
animalslovehate,https://twitter.com/animalslovehate,500,4,510
jesswhos94,https://twitter.com/jesswhos94,167,332
blueknight2016,https://twitter.com/blueknight2016,1,717,4,870
profferrous,https://twitter.com/profferrous,1,299,1,102
ern_kell,https://twitter.com/ern_kell,185,218
breannacuchara,https://twitter.com/breannacuchara,238,214
kammysanghera,https://twitter.com/kammysanghera,72,200
elvissss14,https://twitter.com/elvissss14,290,815
emilyroy786roy,https://twitter.com/emilyroy786roy,165,721
gmu_civility,https://twitter.com/gmu_civility,29,188
roxdoc6,https://twitter.com/roxdoc6,103,145
gagouris,https://twitter.com/gagouris,24,178
cbedsole9,https://twitter.com/cbedsole9,237,473
outliergmu,https://twitter.com/outliergmu,104,684
ronny_pics,https://twitter.com/ronny_pics,9,121
alexisndelduke,https://twitter.com/alexisndelduke,13,54
estriano,https://twitter.com/estriano,229,484
rosepascarell,https://twitter.com/rosepascarell,776,509
tigertea08,https://twitter.com/tigertea08,20,577
zacht_13_,https://twitter.com/zacht_13_,38,70
_duff_e,https://twitter.com/_duff_e,222,202
sbailey1,https://twitter.com/sbailey1,358,1,162
gmupatriottech,https://twitter.com/gmupatriottech,631,265
traymay5,https://twitter.com/traymay5,970,3,337
gmucupcakes,https://twitter.com/gmucupcakes,8,89
pruthvireddysn,https://twitter.com/pruthvireddysn,4,144
maps_gmu,https://twitter.com/maps_gmu,85,117
ikea_assemblers,https://twitter.com/ikea_assemblers,15.6K,48.3K
lexidelduke,https://twitter.com/lexidelduke,554,377
maryamsedaghat,https://twitter.com/maryamsedaghat,225,507
masonmeche,https://twitter.com/masonmeche,135,68
cjschlick,https://twitter.com/cjschlick,126,343
taybaebae25,https://twitter.com/taybaebae25,66,473
nepacareerandco,https://twitter.com/nepacareerandco,1,078,3,721
masonmappers,https://twitter.com/masonmappers,88,61
walterlmcleod,https://twitter.com/walterlmcleod,7,461,5,511
studexpeditions,https://twitter.com/studexpeditions,439,4,599
pensiveopal,https://twitter.com/pensiveopal,7,192
oipsmason,https://twitter.com/oipsmason,1,111,940
weathergeeks,https://twitter.com/weathergeeks,18K,2,922
higherangelou,https://twitter.com/higherangelou,177,614
aasteakhouse,https://twitter.com/aasteakhouse,149,646
gmu_pac,https://twitter.com/gmu_pac,2,937,887
tmadfairfax,https://twitter.com/tmadfairfax,250,1,516
odime_gmu,https://twitter.com/odime_gmu,1,440,463
emrysmagik,https://twitter.com/emrysmagik,3,164
aalshrif,https://twitter.com/aalshrif,448,948
scienceslamusa,https://twitter.com/scienceslamusa,116,337
masonlambdaalum,https://twitter.com/masonlambdaalum,64,161
evandelduke,https://twitter.com/evandelduke,286,458
__atemis____,https://twitter.com/__atemis____,0,542
stevegladis,https://twitter.com/stevegladis,1,146,553
xiaoyuhuang1,https://twitter.com/xiaoyuhuang1,0,6
masonjobs,https://twitter.com/masonjobs,400,784
dc__movers,https://twitter.com/dc__movers,44K,157.8K
geosocialwm,https://twitter.com/geosocialwm,505,263
venxod,https://twitter.com/venxod,49,155
jhalpertlover,https://twitter.com/jhalpertlover,5,87
gmumwho,https://twitter.com/gmumwho,141,725
masonchhs,https://twitter.com/masonchhs,777,541
jumpwithcody,https://twitter.com/jumpwithcody,34,85
alex_hanon,https://twitter.com/alex_hanon,401,4,518
gmupolicecadets,https://twitter.com/gmupolicecadets,218,197
masonmanagers,https://twitter.com/masonmanagers,534,564
inovacme,https://twitter.com/inovacme,470,441
gmuudts,https://twitter.com/gmuudts,190,173
hmarsh05,https://twitter.com/hmarsh05,262,456
nube2015,https://twitter.com/nube2015,3,85
faysalnut,https://twitter.com/faysalnut,219,329
d3vpsaux,https://twitter.com/d3vpsaux,179,1,299
xoxreber1,https://twitter.com/xoxreber1,494,2,389
lrockwoo,https://twitter.com/lrockwoo,36,36
bmsscienceteach,https://twitter.com/bmsscienceteach,3,674,3,889
aslitemelkuran1,https://twitter.com/aslitemelkuran1,17,92
crukglasgow,https://twitter.com/crukglasgow,2,326,2,433
merrily_oui,https://twitter.com/merrily_oui,11,97
tonimandrews,https://twitter.com/tonimandrews,266,640
gmumcn,https://twitter.com/gmumcn,144,85
nafisafrin,https://twitter.com/nafisafrin,74,254
rebeccammunday,https://twitter.com/rebeccammunday,5,34
htinffax,https://twitter.com/htinffax,42,612
gmustudentmedia,https://twitter.com/gmustudentmedia,4,244,1,619
tradelineinc,https://twitter.com/tradelineinc,731,534
occ_gmu,https://twitter.com/occ_gmu,137,575
wocstem,https://twitter.com/wocstem,148,172
fryd92,https://twitter.com/fryd92,30,103
ezpaperz,https://twitter.com/ezpaperz,846,4,605
gmupanhellenic,https://twitter.com/gmupanhellenic,1,412,948
rsmahabir,https://twitter.com/rsmahabir,84,116
marky_mark2015,https://twitter.com/marky_mark2015,31,2,400
myra_butt,https://twitter.com/myra_butt,45,182
georgemasonrec,https://twitter.com/georgemasonrec,3,034,1,056
djmikeymikewgmu,https://twitter.com/djmikeymikewgmu,71,444
inqueertime,https://twitter.com/inqueertime,280,948
majorgifttips,https://twitter.com/majorgifttips,472,696
jchemres,https://twitter.com/jchemres,1,450,1,992
drduanek,https://twitter.com/drduanek,7,38
georgemasonits,https://twitter.com/georgemasonits,311,271
sbloomqu1,https://twitter.com/sbloomqu1,33,134
teamwuckfold,https://twitter.com/teamwuckfold,10,194
lularoeellegall,https://twitter.com/lularoeellegall,16,87
davidm_graham,https://twitter.com/davidm_graham,282,448
felis_ansari,https://twitter.com/felis_ansari,5,116
wscsummit,https://twitter.com/wscsummit,11.4K,7,430
supersaladxpres,https://twitter.com/supersaladxpres,159,719
vickynhansen,https://twitter.com/vickynhansen,56,363
syn_rax27,https://twitter.com/syn_rax27,10,131
peterfroncek,https://twitter.com/peterfroncek,23,56
abs2753,https://twitter.com/abs2753,84,785
shergill_5,https://twitter.com/shergill_5,118,1,078
corey_schaut,https://twitter.com/corey_schaut,107,256
accessiblemason,https://twitter.com/accessiblemason,744,334
commuteresource,https://twitter.com/commuteresource,8,104
gmu_g2s,https://twitter.com/gmu_g2s,31,99
whatsyourcause,https://twitter.com/whatsyourcause,2,822,4,731
harlee_q16,https://twitter.com/harlee_q16,223,235
gmuscholcomm,https://twitter.com/gmuscholcomm,200,181
ktcardenas,https://twitter.com/ktcardenas,42,122
rsolead,https://twitter.com/rsolead,443,382
updatedennis,https://twitter.com/updatedennis,15,324
agmilao17,https://twitter.com/agmilao17,13,196
annumasih3,https://twitter.com/annumasih3,5,54
superpowerst,https://twitter.com/superpowerst,4,047,4,995
sagarsarang72,https://twitter.com/sagarsarang72,261,1,738
pragyap97378840,https://twitter.com/pragyap97378840,19,205
rajanikantadeh2,https://twitter.com/rajanikantadeh2,20,148
gopalku77626079,https://twitter.com/gopalku77626079,8,108
lizardkiss14,https://twitter.com/lizardkiss14,45,239
da_engineers,https://twitter.com/da_engineers,317,129
sailatmason,https://twitter.com/sailatmason,716,594
biainn,https://twitter.com/biainn,695,514
gmuforensicsci,https://twitter.com/gmuforensicsci,119,37
gmuprepa,https://twitter.com/gmuprepa,86,69
chrisclarkt,https://twitter.com/chrisclarkt,72,63
gmu_mindfulllc,https://twitter.com/gmu_mindfulllc,163,365
oldtownmancave,https://twitter.com/oldtownmancave,578,2,134
liebertpub,https://twitter.com/liebertpub,3,542,4,978
revpilatesgym,https://twitter.com/revpilatesgym,105,377
phdrcongo,https://twitter.com/phdrcongo,171,836
markjrozellgmu,https://twitter.com/markjrozellgmu,1,474,825
emikoellis,https://twitter.com/emikoellis,429,473
emiurgic,https://twitter.com/emiurgic,13,77
masonsaac_sam,https://twitter.com/masonsaac_sam,547,213
thinkandstudy,https://twitter.com/thinkandstudy,8,104
elynnmac6785,https://twitter.com/elynnmac6785,13,122
srvkumarc98,https://twitter.com/srvkumarc98,0,25
caitling02,https://twitter.com/caitling02,50,99
alexsolc,https://twitter.com/alexsolc,465,1,512
clareneparker,https://twitter.com/clareneparker,10,124
masontweeter,https://twitter.com/masontweeter,123,191
masonwgst,https://twitter.com/masonwgst,1,156,846
oxala75,https://twitter.com/oxala75,2,396,3,492
afosr,https://twitter.com/afosr,14.2K,4,355
emilyy_gomezz,https://twitter.com/emilyy_gomezz,225,258
lolehbazkoni,https://twitter.com/lolehbazkoni,195,991
mixatmason,https://twitter.com/mixatmason,408,346
ielisabethc27,https://twitter.com/ielisabethc27,215,420
j__larose,https://twitter.com/j__larose,22,154
azayhara,https://twitter.com/azayhara,658,1,625
theateratmason,https://twitter.com/theateratmason,660,346
proferdalyigit,https://twitter.com/proferdalyigit,16,26
edehnoble,https://twitter.com/edehnoble,25,297
masoncablenews,https://twitter.com/masoncablenews,616,363
gmudatasvcs,https://twitter.com/gmudatasvcs,463,449
blue_labs,https://twitter.com/blue_labs,2,826,1,035
gmuphysandastro,https://twitter.com/gmuphysandastro,66,75
andycrooks,https://twitter.com/andycrooks,1,272,579
hsockett,https://twitter.com/hsockett,38,26
geodec15,https://twitter.com/geodec15,26,54
pakiscienceman,https://twitter.com/pakiscienceman,32,56
alexanderrogge,https://twitter.com/alexanderrogge,583,1,042
dwessing46,https://twitter.com/dwessing46,13,287
lgs_jobs,https://twitter.com/lgs_jobs,285,799
gmuwrestling,https://twitter.com/gmuwrestling,7,357,2,349
zmorgott,https://twitter.com/zmorgott,4,15
ronthornton,https://twitter.com/ronthornton,30.9K,34.7K
mom_of_5_boys,https://twitter.com/mom_of_5_boys,45,1,083
mazefire56,https://twitter.com/mazefire56,2,982,4,070
hannahwright545,https://twitter.com/hannahwright545,169,1,331
lumacyte,https://twitter.com/lumacyte,221,912
wavextinguisher,https://twitter.com/wavextinguisher,73,68
ranabasabrain,https://twitter.com/ranabasabrain,10,35
lorenzo55108513,https://twitter.com/lorenzo55108513,176,1,917
popindc,https://twitter.com/popindc,4,272,4,997
dc_now,https://twitter.com/dc_now,27.1K,2,822
hhmijanelia,https://twitter.com/hhmijanelia,15K,382
cometmeted,https://twitter.com/cometmeted,664,255
leila_ghostbird,https://twitter.com/leila_ghostbird,695,588
science_slamuk,https://twitter.com/science_slamuk,100,172
pwtsc,https://twitter.com/pwtsc,95,546
almost6heads,https://twitter.com/almost6heads,7,31
czhgorg,https://twitter.com/czhgorg,9,102
gmubaby,https://twitter.com/gmubaby,19,304
kuppertsarah,https://twitter.com/kuppertsarah,54,107
glennmharvey,https://twitter.com/glennmharvey,96,359
andreapo88,https://twitter.com/andreapo88,419,1,715
douglasemays,https://twitter.com/douglasemays,15,157
kagiro_kasuri,https://twitter.com/kagiro_kasuri,68,252
gmu_efid,https://twitter.com/gmu_efid,240,311
sweet_careline,https://twitter.com/sweet_careline,6,20
honorsmason,https://twitter.com/honorsmason,538,195
dragsterhund,https://twitter.com/dragsterhund,217,626
marcuslorenz,https://twitter.com/marcuslorenz,69.2K,75.8K
hylawrence,https://twitter.com/hylawrence,956,1,403
masoncommdept,https://twitter.com/masoncommdept,1,072,279
zansors,https://twitter.com/zansors,562,1,185
melinwildman,https://twitter.com/melinwildman,104,415
msdannyt,https://twitter.com/msdannyt,391,2,892
tedgulyas,https://twitter.com/tedgulyas,112,528
microbialoop,https://twitter.com/microbialoop,1,001,2,189
gelitaaa__,https://twitter.com/gelitaaa__,125,343
pwliving,https://twitter.com/pwliving,4,205,116
foodwebmodeler,https://twitter.com/foodwebmodeler,497,766
fffindeed,https://twitter.com/fffindeed,156,831
gmurealfood,https://twitter.com/gmurealfood,90,388
rossbair,https://twitter.com/rossbair,58,261
bolialetacosta,https://twitter.com/bolialetacosta,34,402
votefordata,https://twitter.com/votefordata,55,187
cathygoesviral,https://twitter.com/cathygoesviral,19,34
csps_gmu,https://twitter.com/csps_gmu,401,456
jmetenou,https://twitter.com/jmetenou,31,340
tiger_lilley3,https://twitter.com/tiger_lilley3,301,1,319
scharschool,https://twitter.com/scharschool,3,281,510
themissingmaps,https://twitter.com/themissingmaps,15.6K,4,054
gmu_apo_blood,https://twitter.com/gmu_apo_blood,43,425
jkeith56,https://twitter.com/jkeith56,188,1,055
carafrankenfeld,https://twitter.com/carafrankenfeld,431,846
espmasonu,https://twitter.com/espmasonu,374,25
freeman_sprague,https://twitter.com/freeman_sprague,31,354
gmugooddeedsday,https://twitter.com/gmugooddeedsday,167,307
kenballva,https://twitter.com/kenballva,370,97
rainforesttrust,https://twitter.com/rainforesttrust,49.3K,1,510
onelegendaryvo1,https://twitter.com/onelegendaryvo1,11,312
casenergy,https://twitter.com/casenergy,5,452,2,376
jennaesherman,https://twitter.com/jennaesherman,25,173
renadbaakdhah,https://twitter.com/renadbaakdhah,108,135
akhoras,https://twitter.com/akhoras,711,1,096
kimmykal94,https://twitter.com/kimmykal94,58,97
doctormvh,https://twitter.com/doctormvh,109,87
xiongnancyx,https://twitter.com/xiongnancyx,425,916
kennygibbsphd,https://twitter.com/kennygibbsphd,3,403,2,781
beverlybachman,https://twitter.com/beverlybachman,55,490
mason_nsc,https://twitter.com/mason_nsc,56,80
gmu_biology,https://twitter.com/gmu_biology,152,81
gmu_inventors,https://twitter.com/gmu_inventors,68,99
chelsieromulo,https://twitter.com/chelsieromulo,1,506,3,219
brannammelinda1,https://twitter.com/brannammelinda1,2,55
gmugreenhouse,https://twitter.com/gmugreenhouse,155,440
bluewhippets,https://twitter.com/bluewhippets,14,322
thethreesticks,https://twitter.com/thethreesticks,229,1,525
joeeejannn,https://twitter.com/joeeejannn,285,477
ggsdepartment,https://twitter.com/ggsdepartment,335,96
emammal,https://twitter.com/emammal,3,346,1,606
setac_world,https://twitter.com/setac_world,5,185,1,692
beaconhallshops,https://twitter.com/beaconhallshops,89,430
roquegraciani,https://twitter.com/roquegraciani,122,455
vran___,https://twitter.com/vran___,396,451
dukes76,https://twitter.com/dukes76,22,171
rosanappineda,https://twitter.com/rosanappineda,54,769
shemamichel1,https://twitter.com/shemamichel1,7,136
dc_grown,https://twitter.com/dc_grown,129,400
uncims,https://twitter.com/uncims,4,609,3,738
khavya27,https://twitter.com/khavya27,51,662
milnesbill,https://twitter.com/milnesbill,40,201
maryellenotoole,https://twitter.com/maryellenotoole,1,572,123
1planettom,https://twitter.com/1planettom,15,71
hot2molle,https://twitter.com/hot2molle,89,177
vickyb,https://twitter.com/vickyb,97,180
fpc552,https://twitter.com/fpc552,131,1,107
jorschmorr,https://twitter.com/jorschmorr,188,306
gmugreenmachine,https://twitter.com/gmugreenmachine,1,968,556
pterygote,https://twitter.com/pterygote,236,206
biw861,https://twitter.com/biw861,8,71
shobitasatyapal,https://twitter.com/shobitasatyapal,47,71
emmajoycen,https://twitter.com/emmajoycen,42,89
ellenjones11,https://twitter.com/ellenjones11,19,268
mollyt96,https://twitter.com/mollyt96,86,238
rachgolden,https://twitter.com/rachgolden,2,307,2,135
masonpatriots,https://twitter.com/masonpatriots,4,326,637
cvpaatmason,https://twitter.com/cvpaatmason,866,600
tornadozzhou,https://twitter.com/tornadozzhou,11,41
hititwithlight,https://twitter.com/hititwithlight,89,196
masongradscene,https://twitter.com/masongradscene,491,201
aaronsaguil,https://twitter.com/aaronsaguil,191,172
eran_bethany,https://twitter.com/eran_bethany,8,24
solrac2k,https://twitter.com/solrac2k,71,986
masonscislam,https://twitter.com/masonscislam,158,163
masonoffcampus,https://twitter.com/masonoffcampus,1,958,321
gmucampustaxi,https://twitter.com/gmucampustaxi,411,1,786
danamccoskey,https://twitter.com/danamccoskey,211,666
tfetimes,https://twitter.com/tfetimes,27.4K,52.2K
masonathletics,https://twitter.com/masonathletics,7,315,1,066
melaniebalog,https://twitter.com/melaniebalog,1,102,1,888
disanoj,https://twitter.com/disanoj,391,1,378
amgtgmu,https://twitter.com/amgtgmu,830,869
masonhappyhours,https://twitter.com/masonhappyhours,210,988
gmuprintsvcs,https://twitter.com/gmuprintsvcs,338,160
prendismo,https://twitter.com/prendismo,106,572
masonfsed,https://twitter.com/masonfsed,125,231
mason4c,https://twitter.com/mason4c,3,480,2,054
gmu_stem,https://twitter.com/gmu_stem,102,203
ruscott09,https://twitter.com/ruscott09,38,455
uhenlab,https://twitter.com/uhenlab,696,215
gmurelay,https://twitter.com/gmurelay,760,806
mason_dining,https://twitter.com/mason_dining,2,101,466
jebren,https://twitter.com/jebren,232,665
minute_videos,https://twitter.com/minute_videos,48,285
poosshhyy,https://twitter.com/poosshhyy,9,133
gmuyearbook,https://twitter.com/gmuyearbook,130,488
dixkarton,https://twitter.com/dixkarton,244,472
jessica_jp1993,https://twitter.com/jessica_jp1993,308,1,244
zofiaannburr,https://twitter.com/zofiaannburr,115,207
fgm_gmu,https://twitter.com/fgm_gmu,534,417
rebeccaastone,https://twitter.com/rebeccaastone,6,53
fenrefstaff,https://twitter.com/fenrefstaff,652,327
gmucosmentors,https://twitter.com/gmucosmentors,32,56
gmuhrandpayroll,https://twitter.com/gmuhrandpayroll,752,257
masonwaterforum,https://twitter.com/masonwaterforum,9,26
transparentgmu,https://twitter.com/transparentgmu,866,1,326
gmuvetsoc,https://twitter.com/gmuvetsoc,186,258
georgemasonbook,https://twitter.com/georgemasonbook,1,502,131
adurfee2,https://twitter.com/adurfee2,150,581
cindyloohoo9,https://twitter.com/cindyloohoo9,285,804
sweet_wildlife,https://twitter.com/sweet_wildlife,42,109
gmu180degrees,https://twitter.com/gmu180degrees,130,360
aishahxp,https://twitter.com/aishahxp,232,199
gforcemason,https://twitter.com/gforcemason,1,095,350
vcuchs,https://twitter.com/vcuchs,3,010,1,645
vcufrsc,https://twitter.com/vcufrsc,685,439
gmurepublicans,https://twitter.com/gmurepublicans,20,104
gmu96grad,https://twitter.com/gmu96grad,165,631
college2success,https://twitter.com/college2success,68,232
ncseglobal,https://twitter.com/ncseglobal,951,801
linthepatrician,https://twitter.com/linthepatrician,135,547
pnkmonkee,https://twitter.com/pnkmonkee,198,549
nucleotide__,https://twitter.com/nucleotide__,26,127
klagood,https://twitter.com/klagood,2,44
ehlmason,https://twitter.com/ehlmason,42,200
into_mason,https://twitter.com/into_mason,762,315
spicedcbdoil,https://twitter.com/spicedcbdoil,295,2,692
masonuptildawn,https://twitter.com/masonuptildawn,145,429
traceyjbell,https://twitter.com/traceyjbell,254,915
_irritatedllama,https://twitter.com/_irritatedllama,42,310
tomgertin,https://twitter.com/tomgertin,293,829
friesner,https://twitter.com/friesner,1,658,870
jocausa92,https://twitter.com/jocausa92,130,1,921
miriantsuchiya,https://twitter.com/miriantsuchiya,1,043,2,180
afcea_gmu,https://twitter.com/afcea_gmu,70,163
arisegmu,https://twitter.com/arisegmu,130,166
markamont8,https://twitter.com/markamont8,66,156
egalitarianmind,https://twitter.com/egalitarianmind,312,1,491
facultyopinions,https://twitter.com/facultyopinions,23.8K,1,638
stemdotorg,https://twitter.com/stemdotorg,18.2K,12.8K
vaniaflores11,https://twitter.com/vaniaflores11,18,280
zinkorswim,https://twitter.com/zinkorswim,69,211
sajadpathan,https://twitter.com/sajadpathan,9,74
leggiadro,https://twitter.com/leggiadro,53,266
gilletteb25,https://twitter.com/gilletteb25,155,2,565
samanthaa_scott,https://twitter.com/samanthaa_scott,251,795
frankislam,https://twitter.com/frankislam,49.1K,42.4K
apsscience,https://twitter.com/apsscience,1,988,979
jazzmansmom,https://twitter.com/jazzmansmom,41,214
atiyaansari22,https://twitter.com/atiyaansari22,50,404
kldneuro,https://twitter.com/kldneuro,193,241
aidan_aird,https://twitter.com/aidan_aird,4,474,3,472
nohhazz,https://twitter.com/nohhazz,15,250
rymontano,https://twitter.com/rymontano,1,596,1,591
pelint,https://twitter.com/pelint,1,814,848
islamic54,https://twitter.com/islamic54,0,10
gradimages,https://twitter.com/gradimages,826,1,503
dtpeel109,https://twitter.com/dtpeel109,111,307
stemphdcareers,https://twitter.com/stemphdcareers,4,028,1,798
rockvilleauto,https://twitter.com/rockvilleauto,39,150
teamkevers,https://twitter.com/teamkevers,149,325
magicisabean,https://twitter.com/magicisabean,90,730
kishkishy16,https://twitter.com/kishkishy16,94,193
geomutti,https://twitter.com/geomutti,188,292
cus_betadelta,https://twitter.com/cus_betadelta,483,839
amytakayama,https://twitter.com/amytakayama,1,529,1,265
kathrynlaskey,https://twitter.com/kathrynlaskey,457,645
bksandberg,https://twitter.com/bksandberg,99,333
dasaquariums,https://twitter.com/dasaquariums,1,211,1,908
eryannajjar,https://twitter.com/eryannajjar,67,415
authorpaulson,https://twitter.com/authorpaulson,2,7
scicasters,https://twitter.com/scicasters,415,282
serapbicer2,https://twitter.com/serapbicer2,5,36
hatimhg,https://twitter.com/hatimhg,481,807
tjsf2014,https://twitter.com/tjsf2014,3,25
hyfaj12d3j,https://twitter.com/hyfaj12d3j,13,77
masonodlc,https://twitter.com/masonodlc,437,472
catalystscinews,https://twitter.com/catalystscinews,865,1,859
murrrium,https://twitter.com/murrrium,74,74
ytarek_yasmine,https://twitter.com/ytarek_yasmine,3,16
santivalenz,https://twitter.com/santivalenz,685,3,107
bcs132343,https://twitter.com/bcs132343,9,62
vaayuvaan,https://twitter.com/vaayuvaan,7,68
fiona_glynis,https://twitter.com/fiona_glynis,39,92
gmuglobaloffice,https://twitter.com/gmuglobaloffice,469,125
bfertig,https://twitter.com/bfertig,523,1,505
aandwforsbp,https://twitter.com/aandwforsbp,138,1,225
sprhodes50,https://twitter.com/sprhodes50,15,134
ako1983,https://twitter.com/ako1983,81,104
amphibianblake,https://twitter.com/amphibianblake,161,325
gmuroosevelt,https://twitter.com/gmuroosevelt,319,186
volatilpascal,https://twitter.com/volatilpascal,125,1,522
chandler_elmer,https://twitter.com/chandler_elmer,129,907
tsjahnke,https://twitter.com/tsjahnke,533,305
masonscitech,https://twitter.com/masonscitech,501,344
jaz74673920,https://twitter.com/jaz74673920,9,65
kuchniaanetki,https://twitter.com/kuchniaanetki,12,43
alexagenalo,https://twitter.com/alexagenalo,335,305
jugnibug,https://twitter.com/jugnibug,5,63
recordense,https://twitter.com/recordense,50,189
vistascience,https://twitter.com/vistascience,2,307,2,328
angrydatasci,https://twitter.com/angrydatasci,306,567
pinnacleacadva,https://twitter.com/pinnacleacadva,342,41
ccclasen,https://twitter.com/ccclasen,104,393
masondiscounts,https://twitter.com/masondiscounts,196,590
kushalsharma3,https://twitter.com/kushalsharma3,452,688
masonsrct,https://twitter.com/masonsrct,290,200
zakkombs,https://twitter.com/zakkombs,140,371
ro_rast,https://twitter.com/ro_rast,50,485
dnadigest,https://twitter.com/dnadigest,3,268,1,617
uwannadu,https://twitter.com/uwannadu,245,551
radmaxrobin,https://twitter.com/radmaxrobin,21,53
mmikhai1,https://twitter.com/mmikhai1,226,183
lllivingston,https://twitter.com/lllivingston,1,370,1,960
ellewags,https://twitter.com/ellewags,703,1,015
kdelphinidae,https://twitter.com/kdelphinidae,415,1,393
darder,https://twitter.com/darder,167,378
gmudsp,https://twitter.com/gmudsp,114,361
goodreasonradio,https://twitter.com/goodreasonradio,1,016,521
etb_1995,https://twitter.com/etb_1995,145,572
marshallg66,https://twitter.com/marshallg66,52,1,243
lherzoliz,https://twitter.com/lherzoliz,866,445
gmu_phikappaphi,https://twitter.com/gmu_phikappaphi,109,302
madhunagapuri,https://twitter.com/madhunagapuri,94,2,448
alexreda1,https://twitter.com/alexreda1,43,109
steamatmason,https://twitter.com/steamatmason,764,622
chrisseminack,https://twitter.com/chrisseminack,76,41
geointmason,https://twitter.com/geointmason,31,4
xtayk_,https://twitter.com/xtayk_,175,178
onlinegeomason,https://twitter.com/onlinegeomason,6,3
stemconnector,https://twitter.com/stemconnector,42.8K,11K
mrg17,https://twitter.com/mrg17,661,298
ankitaghangale,https://twitter.com/ankitaghangale,6,118
nectariatryfona,https://twitter.com/nectariatryfona,68,291
oriol_joan,https://twitter.com/oriol_joan,93,1,759
randomdabbler,https://twitter.com/randomdabbler,171,1,077
lkamalidiin,https://twitter.com/lkamalidiin,35,41
cassie7136,https://twitter.com/cassie7136,128,632
kordell_j,https://twitter.com/kordell_j,38,88
dynamicsdiverd,https://twitter.com/dynamicsdiverd,530,1,014
eduinfo_denise,https://twitter.com/eduinfo_denise,153,291
awg_org,https://twitter.com/awg_org,1,341,2,296
robynmeier,https://twitter.com/robynmeier,93,193
jesilovessallys,https://twitter.com/jesilovessallys,142,148
jokersvenom,https://twitter.com/jokersvenom,91,1,952
cns_umass,https://twitter.com/cns_umass,2,020,2,265
cwb_mason,https://twitter.com/cwb_mason,3,003,2,817
our_task,https://twitter.com/our_task,264,444
alena3369,https://twitter.com/alena3369,5,81
rebekah_flis,https://twitter.com/rebekah_flis,52,1,255
amforestfndn,https://twitter.com/amforestfndn,11.8K,2,799
gmupeakperform,https://twitter.com/gmupeakperform,366,1,201
kmhef,https://twitter.com/kmhef,25,97
dominexiii,https://twitter.com/dominexiii,21,53
georgemasonbiz,https://twitter.com/georgemasonbiz,2,932,398
that_boy_sharpe,https://twitter.com/that_boy_sharpe,186,621
samoester,https://twitter.com/samoester,3,873,1,535
xtinaaa_d,https://twitter.com/xtinaaa_d,417,738
masonadmissions,https://twitter.com/masonadmissions,3,289,369
tahmera,https://twitter.com/tahmera,330,1,715
extraerrestrial,https://twitter.com/extraerrestrial,572,1,451
scbmarine,https://twitter.com/scbmarine,4,807,1,578
mapperjulie,https://twitter.com/mapperjulie,75,144
_breezy4sheezy,https://twitter.com/_breezy4sheezy,636,936
gmubees,https://twitter.com/gmubees,860,509
rebeccajane02,https://twitter.com/rebeccajane02,44,146
brennovative,https://twitter.com/brennovative,193,334
scorpios_heart,https://twitter.com/scorpios_heart,115,153
toddon14th,https://twitter.com/toddon14th,151,436
jamesaepley,https://twitter.com/jamesaepley,48,347
elasmobryhim,https://twitter.com/elasmobryhim,542,247
its_jmwt,https://twitter.com/its_jmwt,277,872
marinekatpat,https://twitter.com/marinekatpat,1,517,784
thekingsqueenx3,https://twitter.com/thekingsqueenx3,13,931
divgiri,https://twitter.com/divgiri,0,353
childsci,https://twitter.com/childsci,1,812,1,714
masonglobal,https://twitter.com/masonglobal,2,256,1,009
georgemasonnews,https://twitter.com/georgemasonnews,14.2K,841
jdavclark,https://twitter.com/jdavclark,161,211
gmufoodfinder,https://twitter.com/gmufoodfinder,40,132
peggyagouris,https://twitter.com/peggyagouris,377,117
gmuobservatory,https://twitter.com/gmuobservatory,923,444
gmulatinoalumni,https://twitter.com/gmulatinoalumni,380,261
usasciencefest,https://twitter.com/usasciencefest,15K,4,148
gisarcfan,https://twitter.com/gisarcfan,8,259
medtechcon,https://twitter.com/medtechcon,7,557,5,898
masoncareer,https://twitter.com/masoncareer,1,912,922
aqueensmindset,https://twitter.com/aqueensmindset,508,2,331
sagar_shanbhag,https://twitter.com/sagar_shanbhag,3,36
dannsklarew,https://twitter.com/dannsklarew,554,1,157
gmuulpwc,https://twitter.com/gmuulpwc,1,078,517
masonstudentgov,https://twitter.com/masonstudentgov,2,952,889
maddevemadd,https://twitter.com/maddevemadd,128,521
lgsinnovations,https://twitter.com/lgsinnovations,635,529
jmpatti,https://twitter.com/jmpatti,6,52
creativephysics,https://twitter.com/creativephysics,9,091,17.2K
tdmitchell95,https://twitter.com/tdmitchell95,155,254
gmupersian,https://twitter.com/gmupersian,103,230
cult320_005,https://twitter.com/cult320_005,53,174
ruthless_azn,https://twitter.com/ruthless_azn,44,128
funsizetonya,https://twitter.com/funsizetonya,71,158
davisflyer,https://twitter.com/davisflyer,684,1,224
masonrestechs,https://twitter.com/masonrestechs,207,339
tweetmoe,https://twitter.com/tweetmoe,518,908
ccgeographer,https://twitter.com/ccgeographer,156,362
wjmc_mason,https://twitter.com/wjmc_mason,1,732,972
assadtheadvisor,https://twitter.com/assadtheadvisor,309,151
tmarth86,https://twitter.com/tmarth86,78,468
shanesmith13,https://twitter.com/shanesmith13,542,1,663
claireborne3,https://twitter.com/claireborne3,61,122
kelseysine,https://twitter.com/kelseysine,946,1,525
georgemasonchss,https://twitter.com/georgemasonchss,1,322,535
wendymfrazier,https://twitter.com/wendymfrazier,82,126
tracibigsky,https://twitter.com/tracibigsky,82,168
its__a__rap,https://twitter.com/its__a__rap,508,517
colleenrich,https://twitter.com/colleenrich,861,1,532
themadscience01,https://twitter.com/themadscience01,377,748
spacsgmu,https://twitter.com/spacsgmu,108,13
thenickstasiak,https://twitter.com/thenickstasiak,550,350
wearemason4life,https://twitter.com/wearemason4life,3,172,800
cecfairfax,https://twitter.com/cecfairfax,451,1,022
tinagmu,https://twitter.com/tinagmu,0,74
masonrecfit,https://twitter.com/masonrecfit,1,090,764
laurasol231,https://twitter.com/laurasol231,8,414
lebanonajjan,https://twitter.com/lebanonajjan,422,355
vabio,https://twitter.com/vabio,3,890,729
piranha032,https://twitter.com/piranha032,86,110
hootsuite,https://twitter.com/hootsuite,7.7M,1.4M
blackphysicists,https://twitter.com/blackphysicists,22.4K,10.6K
licorbio,https://twitter.com/licorbio,998,591
kristanrivera,https://twitter.com/kristanrivera,11,24
tanja_t_a_t_a,https://twitter.com/tanja_t_a_t_a,88,1,105
masonspirit,https://twitter.com/masonspirit,3,522,633
bethany_usher,https://twitter.com/bethany_usher,647,865
volgenauschool,https://twitter.com/volgenauschool,1,728,501
erniebarreto,https://twitter.com/erniebarreto,76,230
droe_soccer,https://twitter.com/droe_soccer,485,560
kirkdborne,https://twitter.com/kirkdborne,259.7K,11.8K
masonllcs,https://twitter.com/masonllcs,776,403
sarapashaei,https://twitter.com/sarapashaei,322,827
jsadighian,https://twitter.com/jsadighian,76,241
gmu_jmgr,https://twitter.com/gmu_jmgr,162,76
globalcells,https://twitter.com/globalcells,36,63
ayanobody44,https://twitter.com/ayanobody44,0,609
fitzdoyle14,https://twitter.com/fitzdoyle14,321,305
georgemasonu,https://twitter.com/georgemasonu,24.9K,1,388
spacetides,https://twitter.com/spacetides,188,701
pansyztoe,https://twitter.com/pansyztoe,21,213
stanleyzoltek,https://twitter.com/stanleyzoltek,49,110
shellyt32,https://twitter.com/shellyt32,14,359
mskeionaj,https://twitter.com/mskeionaj,6,37
stephanik_178,https://twitter.com/stephanik_178,64,350
austintomars,https://twitter.com/austintomars,74,109
jbeagley13,https://twitter.com/jbeagley13,74,192
gmu_cfa,https://twitter.com/gmu_cfa,1,754,1,029
stearnscenter,https://twitter.com/stearnscenter,1,930,1,714
inwoodbridge,https://twitter.com/inwoodbridge,1,549,2,188
honorsmasonllc,https://twitter.com/honorsmasonllc,1,005,895
grantsciencelab,https://twitter.com/grantsciencelab,329,155
jilliankprice,https://twitter.com/jilliankprice,25,126
geoffulman,https://twitter.com/geoffulman,19,105
michelermcd,https://twitter.com/michelermcd,415,743
tedxmason,https://twitter.com/tedxmason,728,640
gmufellowships,https://twitter.com/gmufellowships,994,849
cityoffairfaxva,https://twitter.com/cityoffairfaxva,9,494,1,398
sheena131,https://twitter.com/sheena131,6,19
masonshuttles,https://twitter.com/masonshuttles,1,634,384
gmu_ambassadors,https://twitter.com/gmu_ambassadors,579,405
smartlabgmu,https://twitter.com/smartlabgmu,417,227
ampalomeque,https://twitter.com/ampalomeque,87,420
astrobioprof,https://twitter.com/astrobioprof,10.2K,8,584
atpandme,https://twitter.com/atpandme,1,366,2,627
misskaur27,https://twitter.com/misskaur27,21,48
masonbusinessal,https://twitter.com/masonbusinessal,825,977
09squires,https://twitter.com/09squires,106,274
gmubuzz,https://twitter.com/gmubuzz,381,473
pharendr,https://twitter.com/pharendr,56,101
eipmason,https://twitter.com/eipmason,706,288
ivestate,https://twitter.com/ivestate,3,923,566
smconservation,https://twitter.com/smconservation,1,071,243
forecastgmu,https://twitter.com/forecastgmu,965,589
callmemyu,https://twitter.com/callmemyu,377,1,283
iamjessicagill,https://twitter.com/iamjessicagill,114,130
strengthplan,https://twitter.com/strengthplan,159,2,786
masonparking,https://twitter.com/masonparking,3,350,768
lgbtqmason,https://twitter.com/lgbtqmason,1,447,1,666
anzielinger,https://twitter.com/anzielinger,26,145
givingtomason,https://twitter.com/givingtomason,500,346
docnix12,https://twitter.com/docnix12,2,930,2,907
strategy_gal,https://twitter.com/strategy_gal,144K,125.3K
mason_oscar,https://twitter.com/mason_oscar,1,526,863
masongradlife,https://twitter.com/masongradlife,1,209,211
gdeegan_awesome,https://twitter.com/gdeegan_awesome,12,80
futuremasonalum,https://twitter.com/futuremasonalum,742,1,473
gmuscrc,https://twitter.com/gmuscrc,927,500
leadmason,https://twitter.com/leadmason,1,411,254
monikasharda_,https://twitter.com/monikasharda_,722,691
hulajenny,https://twitter.com/hulajenny,554,816
upsearchlearn,https://twitter.com/upsearchlearn,30.5K,19.7K
gmupolice,https://twitter.com/gmupolice,1,082,164
tannanv,https://twitter.com/tannanv,5,644,6,266
ajdecelle,https://twitter.com/ajdecelle,387,301
cebcp,https://twitter.com/cebcp,1,523,496
makeronie,https://twitter.com/makeronie,116,225
sis_mason,https://twitter.com/sis_mason,1,797,1,928
pandorareport,https://twitter.com/pandorareport,2,021,297
esri,https://twitter.com/esri,179.7K,76.6K
masonalumni,https://twitter.com/masonalumni,4,315,1,422
rees_will,https://twitter.com/rees_will,78,290
