user,profile_link,follower_count,following_count
wajma19,https://twitter.com/wajma19,13,120
gmu_isa,https://twitter.com/gmu_isa,362,322
bctime95,https://twitter.com/bctime95,60,467
lanale103,https://twitter.com/lanale103,36,55
billkennedygmu,https://twitter.com/billkennedygmu,82,96
afahadabdullah,https://twitter.com/afahadabdullah,18,36
summitnano,https://twitter.com/summitnano,16,356
sophia_envsci,https://twitter.com/sophia_envsci,2,26
gmucompling,https://twitter.com/gmucompling,24,81
jstassinos,https://twitter.com/jstassinos,294,546
alex98517658,https://twitter.com/alex98517658,6,149
facility_logix,https://twitter.com/facility_logix,47,546
jamuelltrackson,https://twitter.com/jamuelltrackson,228,803
stargazer7621,https://twitter.com/stargazer7621,96,137
deniselew,https://twitter.com/deniselew,110,213
ritzelkate,https://twitter.com/ritzelkate,14,50
lxndrian,https://twitter.com/lxndrian,0,235
cathywolfe1,https://twitter.com/cathywolfe1,283,400
ceeparker,https://twitter.com/ceeparker,47,257
rockaport,https://twitter.com/rockaport,30,266
boooozoooo,https://twitter.com/boooozoooo,146,167
toddspencerrose,https://twitter.com/toddspencerrose,77,313
phylotox,https://twitter.com/phylotox,33,25
uaschallenge,https://twitter.com/uaschallenge,29,54
shbonita,https://twitter.com/shbonita,519,1,201
lequangtimothy,https://twitter.com/lequangtimothy,6,88
yousafzaizafar5,https://twitter.com/yousafzaizafar5,627,2,586
drew_b_doin_sci,https://twitter.com/drew_b_doin_sci,4,59
mar_mar31me,https://twitter.com/mar_mar31me,3,307
aalmalki_89,https://twitter.com/aalmalki_89,3,475,1,891
scientistkip,https://twitter.com/scientistkip,35,117
fbaldimtsi,https://twitter.com/fbaldimtsi,777,394
marclevine_jobs,https://twitter.com/marclevine_jobs,2,464,5,001
thomaslatoza,https://twitter.com/thomaslatoza,479,490
cgi_usfederal,https://twitter.com/cgi_usfederal,1,188,448
alpozerdem,https://twitter.com/alpozerdem,2,464,1,514
ubarez,https://twitter.com/ubarez,412,1,711
anas_ant,https://twitter.com/anas_ant,923,714
provostgmu,https://twitter.com/provostgmu,121,251
markclarkemusic,https://twitter.com/markclarkemusic,10.1K,8,149
novanode1,https://twitter.com/novanode1,20,29
eeltown_org,https://twitter.com/eeltown_org,296,171
dorothyhayden,https://twitter.com/dorothyhayden,801,673
dalexands,https://twitter.com/dalexands,434,1,188
loridcscher,https://twitter.com/loridcscher,29,295
bluefin_blues,https://twitter.com/bluefin_blues,595,2,203
sustain_gfarley,https://twitter.com/sustain_gfarley,561,1,689
alvaroanguix,https://twitter.com/alvaroanguix,43.1K,18.4K
njebelli,https://twitter.com/njebelli,6,142
volitiongmu,https://twitter.com/volitiongmu,352,296
fchecker76,https://twitter.com/fchecker76,861,1,732
mrscotteddy,https://twitter.com/mrscotteddy,649.1K,21.7K
mason_impact,https://twitter.com/mason_impact,58,180
adamsoconnell,https://twitter.com/adamsoconnell,65,150
gwalther_cl,https://twitter.com/gwalther_cl,135,194
chronocross_xp,https://twitter.com/chronocross_xp,184,141
bufftutor,https://twitter.com/bufftutor,2,214
vega_daniel29,https://twitter.com/vega_daniel29,32,720
kwmcnamee,https://twitter.com/kwmcnamee,900,514
_apeterson_,https://twitter.com/_apeterson_,1,009,2,053
shelbycromity,https://twitter.com/shelbycromity,43,159
thevrf,https://twitter.com/thevrf,8,196
designminor,https://twitter.com/designminor,3,33
marciaf71524902,https://twitter.com/marciaf71524902,17,98
gmu_qmc,https://twitter.com/gmu_qmc,3,8
derrickswong,https://twitter.com/derrickswong,333,1,883
hawchuan,https://twitter.com/hawchuan,39,42
jlee_biology,https://twitter.com/jlee_biology,176,130
iqbaladdou,https://twitter.com/iqbaladdou,17,187
pandeysunil347,https://twitter.com/pandeysunil347,35,118
tomgillpredicts,https://twitter.com/tomgillpredicts,1,041,1,295
yolo2019yoshi,https://twitter.com/yolo2019yoshi,3,59
mollyfgggg,https://twitter.com/mollyfgggg,28,212
jazmin_nicole23,https://twitter.com/jazmin_nicole23,509,364
bzgeo,https://twitter.com/bzgeo,3,153,4,992
marymoon83,https://twitter.com/marymoon83,52,238
_homemaker,https://twitter.com/_homemaker,71,236
yunus04588213,https://twitter.com/yunus04588213,0,16
sojungckim,https://twitter.com/sojungckim,193,429
andweallshineon,https://twitter.com/andweallshineon,315,1,693
kareninvirginia,https://twitter.com/kareninvirginia,133,2,777
adultingthingz,https://twitter.com/adultingthingz,12,169
handson_labs,https://twitter.com/handson_labs,1,791,2,063
zamathematician,https://twitter.com/zamathematician,0,229
coywolfassoc,https://twitter.com/coywolfassoc,20.2K,15.3K
rsilarszka,https://twitter.com/rsilarszka,41,248
meadhbhmolloy,https://twitter.com/meadhbhmolloy,24,63
michaelreinemer,https://twitter.com/michaelreinemer,848,842
merrihasscience,https://twitter.com/merrihasscience,119,271
jamescwitte,https://twitter.com/jamescwitte,575,298
colinlarrimore,https://twitter.com/colinlarrimore,11,61
jimkinter1,https://twitter.com/jimkinter1,8,14
e_alruwily,https://twitter.com/e_alruwily,125,203
quantumevo,https://twitter.com/quantumevo,5,69
geeooleo,https://twitter.com/geeooleo,5,81
qichen_zhu,https://twitter.com/qichen_zhu,21,609
hinasyed24,https://twitter.com/hinasyed24,11,161
anannereynolds,https://twitter.com/anannereynolds,966,2,715
emilio65528521,https://twitter.com/emilio65528521,0,41
paulbetka,https://twitter.com/paulbetka,68,119
gilliganbiology,https://twitter.com/gilliganbiology,2,46
mason_acl,https://twitter.com/mason_acl,276,308
urbanwildernes2,https://twitter.com/urbanwildernes2,39,175
smartgov_spend,https://twitter.com/smartgov_spend,3,442,4,189
yvenetsanos,https://twitter.com/yvenetsanos,9,348
yummyjerjer,https://twitter.com/yummyjerjer,6,37
thegoodtwin04,https://twitter.com/thegoodtwin04,166,280
tgarey,https://twitter.com/tgarey,42,160
noor59194982,https://twitter.com/noor59194982,0,58
jamirzadegan,https://twitter.com/jamirzadegan,19,89
midatlanticcoi,https://twitter.com/midatlanticcoi,4,44
evab614,https://twitter.com/evab614,259,1,867
hsico75,https://twitter.com/hsico75,3,45
kiranmaski935,https://twitter.com/kiranmaski935,124,1,542
chiamakristen,https://twitter.com/chiamakristen,21,40
kehrer_brittany,https://twitter.com/kehrer_brittany,31,110
gmurotc,https://twitter.com/gmurotc,19,43
stuck_97,https://twitter.com/stuck_97,64,314
stuffcalledsara,https://twitter.com/stuffcalledsara,140,1,949
sherxkim,https://twitter.com/sherxkim,164,143
kai_not_kie,https://twitter.com/kai_not_kie,3,107
mpsgrl78,https://twitter.com/mpsgrl78,142,658
samsonolearn,https://twitter.com/samsonolearn,1,217,4,997
vaseagrant,https://twitter.com/vaseagrant,773,762
bluehouseffect,https://twitter.com/bluehouseffect,1,302,1,752
astro_deja,https://twitter.com/astro_deja,3,647,2,754
vacoastalsci,https://twitter.com/vacoastalsci,88,289
natalieburls,https://twitter.com/natalieburls,100,119
allisonfrick,https://twitter.com/allisonfrick,601,669
sirmcfarles,https://twitter.com/sirmcfarles,13,353
brwildlifectr,https://twitter.com/brwildlifectr,589,873
masonaoes,https://twitter.com/masonaoes,32,14
taylor_vineyard,https://twitter.com/taylor_vineyard,12,85
oldfairfax,https://twitter.com/oldfairfax,177,498
jewelalendri,https://twitter.com/jewelalendri,0,14
_grandez_,https://twitter.com/_grandez_,56,517
margaret_slavin,https://twitter.com/margaret_slavin,123,361
maryasiddiq5,https://twitter.com/maryasiddiq5,70,73
eviatarbach,https://twitter.com/eviatarbach,57,434
congyin2,https://twitter.com/congyin2,3,14
gmi_archange,https://twitter.com/gmi_archange,30,60
nisha_ali1,https://twitter.com/nisha_ali1,350,187
rodrigomorelos,https://twitter.com/rodrigomorelos,235,1,118
arantxieortega,https://twitter.com/arantxieortega,716,759
chloenham,https://twitter.com/chloenham,2,51
klivingstoncpa,https://twitter.com/klivingstoncpa,15,56
royalreee123,https://twitter.com/royalreee123,47,179
alyssa_marene,https://twitter.com/alyssa_marene,199,255
brwntabletalk,https://twitter.com/brwntabletalk,112,324
trish_kelshaw,https://twitter.com/trish_kelshaw,35,121
urbanxnaturelab,https://twitter.com/urbanxnaturelab,266,235
krampellini,https://twitter.com/krampellini,60,312
kpegion,https://twitter.com/kpegion,108,120
vmnfairfax,https://twitter.com/vmnfairfax,156,330
gmu_folklore,https://twitter.com/gmu_folklore,1,520,567
tarequemehdi,https://twitter.com/tarequemehdi,412,649
mohiuddinmaliha,https://twitter.com/mohiuddinmaliha,338,443
hakeemoluseyi,https://twitter.com/hakeemoluseyi,17K,2,809
ssenaverathna,https://twitter.com/ssenaverathna,418,4,927
khuloodkandil,https://twitter.com/khuloodkandil,6,2,752
davidsabuin,https://twitter.com/davidsabuin,28,612
0maraldulaimi,https://twitter.com/0maraldulaimi,18,71
autoglass_dc,https://twitter.com/autoglass_dc,503,4,696
simplyhobbit,https://twitter.com/simplyhobbit,204,281
arey1971,https://twitter.com/arey1971,4,101
caitlinleitz,https://twitter.com/caitlinleitz,3,42
karenakerlof,https://twitter.com/karenakerlof,537,991
drguirguis,https://twitter.com/drguirguis,452,3,928
greenpatriots1,https://twitter.com/greenpatriots1,70,172
pwcsscience,https://twitter.com/pwcsscience,313,154
carsonforsyth15,https://twitter.com/carsonforsyth15,2,25
armando77743010,https://twitter.com/armando77743010,0,22
adizakamara,https://twitter.com/adizakamara,36,1,106
noahv2001,https://twitter.com/noahv2001,3,54
kojokage35,https://twitter.com/kojokage35,11,196
sequence_inc,https://twitter.com/sequence_inc,122,447
michaelrushin,https://twitter.com/michaelrushin,0,30
aaupmason,https://twitter.com/aaupmason,193,189
faithforclimate,https://twitter.com/faithforclimate,283,668
cfgscholarbank,https://twitter.com/cfgscholarbank,192,1,363
gcdi_georgetown,https://twitter.com/gcdi_georgetown,98,1,098
timlhawthorne,https://twitter.com/timlhawthorne,1,141,3,983
star_tides,https://twitter.com/star_tides,1,102,1,164
banban_cupey,https://twitter.com/banban_cupey,0,206
deepdarkies10,https://twitter.com/deepdarkies10,6,101
bibhadahal,https://twitter.com/bibhadahal,40,77
digpink,https://twitter.com/digpink,4,917,3,393
commgmu,https://twitter.com/commgmu,32,42
votealyson,https://twitter.com/votealyson,969,1,220
rachithaiyappa,https://twitter.com/rachithaiyappa,61,391
mason_graded,https://twitter.com/mason_graded,151,132
sharonspradling,https://twitter.com/sharonspradling,9,27
masonbrainbody,https://twitter.com/masonbrainbody,19,25
kep123456768,https://twitter.com/kep123456768,10,1,196
gmasonspj,https://twitter.com/gmasonspj,370,199
faro7amix,https://twitter.com/faro7amix,582,153
asd21223450,https://twitter.com/asd21223450,15,726
davidwugmu,https://twitter.com/davidwugmu,615,239
ericamartinez21,https://twitter.com/ericamartinez21,361,4,897
ulscitech,https://twitter.com/ulscitech,52,391
syzygy_analytix,https://twitter.com/syzygy_analytix,146,1,831
iirgmu,https://twitter.com/iirgmu,856,1,181
kevinealfaro18,https://twitter.com/kevinealfaro18,400,517
roxanaannel,https://twitter.com/roxanaannel,600,4,439
binni76824901,https://twitter.com/binni76824901,0,6
kennedy_ream,https://twitter.com/kennedy_ream,485,292
ngochan_2001,https://twitter.com/ngochan_2001,78,152
cami_cos,https://twitter.com/cami_cos,0,13
sohrobniaz,https://twitter.com/sohrobniaz,403,313
julibaronac,https://twitter.com/julibaronac,184,204
leana1404,https://twitter.com/leana1404,2,51
nno4m,https://twitter.com/nno4m,11,52
the1witthehair,https://twitter.com/the1witthehair,82,141
mao_sama,https://twitter.com/mao_sama,129,283
fatimayedith,https://twitter.com/fatimayedith,57,308
quarkity,https://twitter.com/quarkity,158,803
javicci_,https://twitter.com/javicci_,93,204
masontws,https://twitter.com/masontws,45,87
ztk211,https://twitter.com/ztk211,5,56
stumpofthebunch,https://twitter.com/stumpofthebunch,87,105
jccc_y,https://twitter.com/jccc_y,0,20
musiclover0617,https://twitter.com/musiclover0617,22,70
alleyne_myles,https://twitter.com/alleyne_myles,81,180
vanessa_gifty,https://twitter.com/vanessa_gifty,252,222
ivyzormelo,https://twitter.com/ivyzormelo,74,239
ashxclx,https://twitter.com/ashxclx,170,160
ajacks1998,https://twitter.com/ajacks1998,14,136
r0s3m4ry,https://twitter.com/r0s3m4ry,176,284
catlikely,https://twitter.com/catlikely,231,2,173
anneholton,https://twitter.com/anneholton,5,936,129
gmu_wbt,https://twitter.com/gmu_wbt,400,162
jamesngvu,https://twitter.com/jamesngvu,4,214
soccerpeep21,https://twitter.com/soccerpeep21,354,325
turuuush,https://twitter.com/turuuush,3,4
clarabreeding,https://twitter.com/clarabreeding,24,326
vsanciao,https://twitter.com/vsanciao,983,652
aj72826261,https://twitter.com/aj72826261,446,5,001
mohamme98498299,https://twitter.com/mohamme98498299,20,759
camdenlayton,https://twitter.com/camdenlayton,817,1,302
osumailah,https://twitter.com/osumailah,66,231
arshgani,https://twitter.com/arshgani,133,1,863
meja_gmu,https://twitter.com/meja_gmu,115,155
mahadwaheed11,https://twitter.com/mahadwaheed11,257,256
kristenewright,https://twitter.com/kristenewright,204,585
hammedsirleaf,https://twitter.com/hammedsirleaf,390,523
sebiologists,https://twitter.com/sebiologists,166,343
acrmmilitaryva,https://twitter.com/acrmmilitaryva,592,2,680
nanotrap,https://twitter.com/nanotrap,202,98
undergraddiary,https://twitter.com/undergraddiary,35,143
jameshoconnor,https://twitter.com/jameshoconnor,743,2,632
muralsatmason,https://twitter.com/muralsatmason,62,97
joharsehej,https://twitter.com/joharsehej,112,573
susantarabulsi,https://twitter.com/susantarabulsi,39,52
masonsbdc,https://twitter.com/masonsbdc,1,401,912
thebrigidr,https://twitter.com/thebrigidr,84,173
caballerogill,https://twitter.com/caballerogill,2,870,2,227
auralidade,https://twitter.com/auralidade,22,47
medicwisembbs,https://twitter.com/medicwisembbs,38,591
sparc_gmu,https://twitter.com/sparc_gmu,70,196
rehmanxdar,https://twitter.com/rehmanxdar,75,205
sheapallen,https://twitter.com/sheapallen,4,65
waynerea01,https://twitter.com/waynerea01,35,121
infinitymediaim,https://twitter.com/infinitymediaim,376,841
mrsrampos,https://twitter.com/mrsrampos,44,728
dakinmarketing,https://twitter.com/dakinmarketing,1,983,1,516
wellbeingstarts,https://twitter.com/wellbeingstarts,5,66
atamannomzie,https://twitter.com/atamannomzie,170,743
dipendraadhik,https://twitter.com/dipendraadhik,510,2,780
sumev,https://twitter.com/sumev,176,1,899
cgenova04,https://twitter.com/cgenova04,141,427
minsternicholas,https://twitter.com/minsternicholas,7,254
deepgreeneng,https://twitter.com/deepgreeneng,919,979
integralgroupus,https://twitter.com/integralgroupus,2,065,1,889
trishia703,https://twitter.com/trishia703,111,738
mama_mia808,https://twitter.com/mama_mia808,30,324
alena_arlova,https://twitter.com/alena_arlova,2,59
adesensitized,https://twitter.com/adesensitized,46,1,729
rockfishmatt,https://twitter.com/rockfishmatt,151,343
kcslearninst,https://twitter.com/kcslearninst,308,1,147
anusha_713,https://twitter.com/anusha_713,8,329
petunia35070545,https://twitter.com/petunia35070545,2,34
teachingisjoy,https://twitter.com/teachingisjoy,6,36
_saracatherine_,https://twitter.com/_saracatherine_,24,56
zach_stept,https://twitter.com/zach_stept,5,55
rhonderchilders,https://twitter.com/rhonderchilders,17,510
mitrachondria_,https://twitter.com/mitrachondria_,276,772
pbandjennyy,https://twitter.com/pbandjennyy,520,379
genesis_tm_,https://twitter.com/genesis_tm_,33,111
lyonmelani,https://twitter.com/lyonmelani,3,19
mars_gmu,https://twitter.com/mars_gmu,22,35
ikebretz,https://twitter.com/ikebretz,36,360
seandiment,https://twitter.com/seandiment,70,135
drbrettfroelich,https://twitter.com/drbrettfroelich,288,475
t_a_hutchinson,https://twitter.com/t_a_hutchinson,30,109
dbmstock,https://twitter.com/dbmstock,3,35
marieke_k_jones,https://twitter.com/marieke_k_jones,62,170
collingraham4,https://twitter.com/collingraham4,116,225
shawn_smith_3,https://twitter.com/shawn_smith_3,628,1,217
jeffoffutt,https://twitter.com/jeffoffutt,431,136
hazuma_jpn,https://twitter.com/hazuma_jpn,538,5,001
_lifeiscience,https://twitter.com/_lifeiscience,29,39
annarodry,https://twitter.com/annarodry,22,143
alonsoa71337774,https://twitter.com/alonsoa71337774,17,28
epsteinjon,https://twitter.com/epsteinjon,4,019,1,446
dr_mumair,https://twitter.com/dr_mumair,35,216
magtakla,https://twitter.com/magtakla,692,1,260
ecohealthnyc,https://twitter.com/ecohealthnyc,9,937,1,094
ramspyda,https://twitter.com/ramspyda,14,198
ciudadanospara,https://twitter.com/ciudadanospara,2,72
chemistryeu2020,https://twitter.com/chemistryeu2020,768,4,945
steven_br,https://twitter.com/steven_br,327,778
jeevatrials,https://twitter.com/jeevatrials,156,853
harsharajasimha,https://twitter.com/harsharajasimha,916,1,565
masongoesgreen,https://twitter.com/masongoesgreen,1,157,267
nneggy,https://twitter.com/nneggy,186,265
kingdom_letrong,https://twitter.com/kingdom_letrong,7,140
deadlyjasmintea,https://twitter.com/deadlyjasmintea,196,1,407
bridget5712,https://twitter.com/bridget5712,126,590
yongyaojiang,https://twitter.com/yongyaojiang,15,53
josephsakran,https://twitter.com/josephsakran,54.9K,6,265
monicaseabo,https://twitter.com/monicaseabo,11,30
lab_luther,https://twitter.com/lab_luther,149,278
mmm2020_bmore,https://twitter.com/mmm2020_bmore,83,9
jonstehle,https://twitter.com/jonstehle,541,893
karentlee85,https://twitter.com/karentlee85,65,158
gbadeboodularu1,https://twitter.com/gbadeboodularu1,169,1,471
vanliteman,https://twitter.com/vanliteman,273,310
tsingh30,https://twitter.com/tsingh30,23,148
jajrk,https://twitter.com/jajrk,99,784
jennyhoangster,https://twitter.com/jennyhoangster,5,42
natsfan226,https://twitter.com/natsfan226,68,629
arbywho,https://twitter.com/arbywho,192,623
philip_w3,https://twitter.com/philip_w3,710,1,391
sciguyandrew,https://twitter.com/sciguyandrew,23,74
arionleahigh,https://twitter.com/arionleahigh,51,376
dee_arrington,https://twitter.com/dee_arrington,84,142
dinokatr,https://twitter.com/dinokatr,51,1,222
alex_yagirl,https://twitter.com/alex_yagirl,11,107
lfrancisrn,https://twitter.com/lfrancisrn,393,675
iamvishnuks,https://twitter.com/iamvishnuks,159,606
psych_jack,https://twitter.com/psych_jack,4,174
drbarryrothberg,https://twitter.com/drbarryrothberg,91,261
weeblesunconure,https://twitter.com/weeblesunconure,68,56
yemeen,https://twitter.com/yemeen,498,1,134
josh_westhoven,https://twitter.com/josh_westhoven,20,27
sarahmweber22,https://twitter.com/sarahmweber22,337,577
anngarneracc,https://twitter.com/anngarneracc,190,226
devlinhartline,https://twitter.com/devlinhartline,2,662,5,001
gmuwell,https://twitter.com/gmuwell,28,56
maram_ftis,https://twitter.com/maram_ftis,82,499
ejbusb,https://twitter.com/ejbusb,16,69
ibsstats,https://twitter.com/ibsstats,1,042,227
coachacieearl,https://twitter.com/coachacieearl,1,636,3,869
ghentite,https://twitter.com/ghentite,762,1,699
kirichungugi,https://twitter.com/kirichungugi,435,4,992
smwebs,https://twitter.com/smwebs,205,803
bali_white,https://twitter.com/bali_white,358,636
sse7757,https://twitter.com/sse7757,447,1,094
bsa_gmu,https://twitter.com/bsa_gmu,1,433,662
masoncompcyber,https://twitter.com/masoncompcyber,539,453
cdruehl,https://twitter.com/cdruehl,19,34
mason_wbu,https://twitter.com/mason_wbu,81,59
alexisthetrexus,https://twitter.com/alexisthetrexus,2,23
tx2ca95,https://twitter.com/tx2ca95,88,514
masonregistrar,https://twitter.com/masonregistrar,160,138
gmu_dcxr,https://twitter.com/gmu_dcxr,22,200
84_moms,https://twitter.com/84_moms,29,461
mariabakali,https://twitter.com/mariabakali,80,597
stc_gmu,https://twitter.com/stc_gmu,161,165
hmdkvk,https://twitter.com/hmdkvk,270,293
ck_gmu,https://twitter.com/ck_gmu,99,522
_valalala,https://twitter.com/_valalala,628,623
bakernatalee,https://twitter.com/bakernatalee,693,618
espmasongsa,https://twitter.com/espmasongsa,75,113
user_naif,https://twitter.com/user_naif,1,050,4,998
farahalatassi,https://twitter.com/farahalatassi,5,282,3,254
bluejay825,https://twitter.com/bluejay825,78,279
t_cltrimm,https://twitter.com/t_cltrimm,3,77
adamsamyj,https://twitter.com/adamsamyj,9,66
1_ceo_rich,https://twitter.com/1_ceo_rich,551,2,688
mason_hfe,https://twitter.com/mason_hfe,43,124
melissalnn,https://twitter.com/melissalnn,159,497
nataliab001,https://twitter.com/nataliab001,62,236
writing_center,https://twitter.com/writing_center,1,203,677
globaljasco,https://twitter.com/globaljasco,491,3,206
blackholegmu,https://twitter.com/blackholegmu,25,18
hylton_pac,https://twitter.com/hylton_pac,1,225,649
cable_amber,https://twitter.com/cable_amber,780,710
nic0lef_,https://twitter.com/nic0lef_,118,139
jmjenkss,https://twitter.com/jmjenkss,444,315
whellsryan8,https://twitter.com/whellsryan8,18,380
dangelo_st,https://twitter.com/dangelo_st,187,439
newc1ty,https://twitter.com/newc1ty,876,1,150
rowsun001,https://twitter.com/rowsun001,6,68
brain_2020,https://twitter.com/brain_2020,714,3,559
dentalcosmetix,https://twitter.com/dentalcosmetix,37,129
talentatkarsun,https://twitter.com/talentatkarsun,68,308
starshipgmu,https://twitter.com/starshipgmu,891,119
susanylee,https://twitter.com/susanylee,22,212
taylorcsargent,https://twitter.com/taylorcsargent,30,61
love69634024,https://twitter.com/love69634024,4,67
itssaaroonn,https://twitter.com/itssaaroonn,185,262
lijoschacko,https://twitter.com/lijoschacko,174,341
padhuseshaiyer,https://twitter.com/padhuseshaiyer,82,24
cesarpaulus,https://twitter.com/cesarpaulus,796,2,328
coralresearcher,https://twitter.com/coralresearcher,100,279
tanyaramseyer,https://twitter.com/tanyaramseyer,80,403
zakkscoffee,https://twitter.com/zakkscoffee,1,024,3,605
gthomas93395708,https://twitter.com/gthomas93395708,6,447
thebrickovenva,https://twitter.com/thebrickovenva,139,2,037
lovelaurene,https://twitter.com/lovelaurene,56,57
triscuitster,https://twitter.com/triscuitster,18,105
givehonorsmason,https://twitter.com/givehonorsmason,24,45
uvalasik,https://twitter.com/uvalasik,110,1,935
gmuhcr,https://twitter.com/gmuhcr,43,56
ryanpfeifle,https://twitter.com/ryanpfeifle,123,288
family_barrera,https://twitter.com/family_barrera,2,86
lillydparker,https://twitter.com/lillydparker,320,660
arcottman1,https://twitter.com/arcottman1,18,54
adlavarun,https://twitter.com/adlavarun,0,50
mellamorooster,https://twitter.com/mellamorooster,1,000,1,544
abeeslife,https://twitter.com/abeeslife,375,1,134
mcnontv,https://twitter.com/mcnontv,1,134,288
ae_gmu,https://twitter.com/ae_gmu,9,33
masondatalab,https://twitter.com/masondatalab,10,17
brendabcahill1,https://twitter.com/brendabcahill1,58,84
mlthompson7297,https://twitter.com/mlthompson7297,21,287
edochocinco,https://twitter.com/edochocinco,2,010,1,468
ciaragjohnson,https://twitter.com/ciaragjohnson,66,117
gmu_cac,https://twitter.com/gmu_cac,7,134
bency_mrong,https://twitter.com/bency_mrong,11,272
tharwa06,https://twitter.com/tharwa06,38,1,152
queerlovr,https://twitter.com/queerlovr,530,4,990
ramaanothinash1,https://twitter.com/ramaanothinash1,7,157
gilanisofia,https://twitter.com/gilanisofia,10,62
gretaannann,https://twitter.com/gretaannann,71,935
masonneuro,https://twitter.com/masonneuro,235,1,256
chpre1,https://twitter.com/chpre1,141,147
rigidneophyte,https://twitter.com/rigidneophyte,19,92
the_fort001,https://twitter.com/the_fort001,204,2,812
gwuforenscience,https://twitter.com/gwuforenscience,86,77
jamesfishel19,https://twitter.com/jamesfishel19,5,30
hiitsinas,https://twitter.com/hiitsinas,109,362
corvi_18,https://twitter.com/corvi_18,15,199
harmonben85,https://twitter.com/harmonben85,158,1,659
startupgmu,https://twitter.com/startupgmu,141,164
trockmonroe,https://twitter.com/trockmonroe,115,508
fusfoundation,https://twitter.com/fusfoundation,1,421,1,408
masonbiohealth,https://twitter.com/masonbiohealth,165,215
chief_tahoe,https://twitter.com/chief_tahoe,61,313
gmu_english,https://twitter.com/gmu_english,1,229,407
hellmann_uconn,https://twitter.com/hellmann_uconn,4,29
caps_gmu,https://twitter.com/caps_gmu,171,257
katlin1nicole,https://twitter.com/katlin1nicole,146,615
holtzcenter,https://twitter.com/holtzcenter,860,2,134
c_j_rose,https://twitter.com/c_j_rose,25,320
justice_ecoclub,https://twitter.com/justice_ecoclub,123,126
edwsonoma,https://twitter.com/edwsonoma,4,458,3,944
mpcgmu,https://twitter.com/mpcgmu,165,314
kmtd97,https://twitter.com/kmtd97,10,79
masonlearning,https://twitter.com/masonlearning,209,270
geoninpo,https://twitter.com/geoninpo,26,118
etiainen_dreams,https://twitter.com/etiainen_dreams,50,277
denissemch,https://twitter.com/denissemch,5,210
raebans1999,https://twitter.com/raebans1999,370,533
gmupssc,https://twitter.com/gmupssc,51,104
bethawhitephd1,https://twitter.com/bethawhitephd1,187,451
masonakx,https://twitter.com/masonakx,62,38
haley_king1,https://twitter.com/haley_king1,34,105
jaytaymorgan,https://twitter.com/jaytaymorgan,198,257
photo_allstar,https://twitter.com/photo_allstar,707,3,214
ieeeatgmu,https://twitter.com/ieeeatgmu,13,96
rimasgmu,https://twitter.com/rimasgmu,3,16
annfjennings,https://twitter.com/annfjennings,55,195
doccalhoun1906,https://twitter.com/doccalhoun1906,53,239
woodrowwilsontf,https://twitter.com/woodrowwilsontf,1,604,1,160
vaturbak,https://twitter.com/vaturbak,0,30
organism1974,https://twitter.com/organism1974,78,531
patriothacks,https://twitter.com/patriothacks,163,69
kindasortaleila,https://twitter.com/kindasortaleila,237,193
pragnakar,https://twitter.com/pragnakar,11,175
dvdgmpat,https://twitter.com/dvdgmpat,2,80
fern_unfurl,https://twitter.com/fern_unfurl,148,2,981
johnnysandyjr,https://twitter.com/johnnysandyjr,194,510
ylenia_chiari,https://twitter.com/ylenia_chiari,380,535
qxjaczfizokofsh,https://twitter.com/qxjaczfizokofsh,98,1,520
hakaimagazine,https://twitter.com/hakaimagazine,16.9K,13.9K
jillybean113,https://twitter.com/jillybean113,422,2,760
gov_school_ip,https://twitter.com/gov_school_ip,294,897
mscheller74,https://twitter.com/mscheller74,276,5,003
stuna,https://twitter.com/stuna,31,680
maggiew34786303,https://twitter.com/maggiew34786303,0,20
theedgeatmason,https://twitter.com/theedgeatmason,196,129
ahlearutt4,https://twitter.com/ahlearutt4,25,139
bethmacmonigle,https://twitter.com/bethmacmonigle,40,76
lissaalley,https://twitter.com/lissaalley,15,233
ashley_zecca,https://twitter.com/ashley_zecca,194,543
dr_avramovic,https://twitter.com/dr_avramovic,13,57
clohecykaylyn,https://twitter.com/clohecykaylyn,87,146
themahmad,https://twitter.com/themahmad,29,34
anthonyfalsetti,https://twitter.com/anthonyfalsetti,610,955
serg_rmp,https://twitter.com/serg_rmp,152,236
masonpublishing,https://twitter.com/masonpublishing,193,214
sarahlynnhuang,https://twitter.com/sarahlynnhuang,40,395
kissdell,https://twitter.com/kissdell,6,194
suthygrace,https://twitter.com/suthygrace,73,263
campusfbn,https://twitter.com/campusfbn,42,81
janardaana,https://twitter.com/janardaana,86,914
whar10,https://twitter.com/whar10,42,136
catierose_cw,https://twitter.com/catierose_cw,13,105
rwhite13908,https://twitter.com/rwhite13908,527,2,773
andyzimmerman2,https://twitter.com/andyzimmerman2,52,188
todayatmason,https://twitter.com/todayatmason,687,92
kierig,https://twitter.com/kierig,304,725
dominodeja,https://twitter.com/dominodeja,38,120
geoesg,https://twitter.com/geoesg,156,839
lendabox,https://twitter.com/lendabox,966,3,328
pwcded,https://twitter.com/pwcded,1,987,504
ben_a_rhoades,https://twitter.com/ben_a_rhoades,348,915
raven_incognita,https://twitter.com/raven_incognita,16,72
lanny_scrivner,https://twitter.com/lanny_scrivner,387,2,135
ali47512212,https://twitter.com/ali47512212,2,80
faustinazuefle4,https://twitter.com/faustinazuefle4,0,24
kooxaahir,https://twitter.com/kooxaahir,2,43
abdulwa46911078,https://twitter.com/abdulwa46911078,14,78
zahedho92708465,https://twitter.com/zahedho92708465,31,291
aliali76517285,https://twitter.com/aliali76517285,3,49
hala54025243,https://twitter.com/hala54025243,5,205
lulu98626439,https://twitter.com/lulu98626439,0,44
teacloup1,https://twitter.com/teacloup1,0,48
siam14052403,https://twitter.com/siam14052403,3,54
abdulazizfarou3,https://twitter.com/abdulazizfarou3,7,347
biotechmd,https://twitter.com/biotechmd,3,924,3,713
mohamed86701069,https://twitter.com/mohamed86701069,7,305
nnifrasxxx,https://twitter.com/nnifrasxxx,3,71
b1_saleh,https://twitter.com/b1_saleh,4,54
tota99832677,https://twitter.com/tota99832677,0,1
belalaljrysi,https://twitter.com/belalaljrysi,15,130
abdulha21957191,https://twitter.com/abdulha21957191,0,45
aminjamel7,https://twitter.com/aminjamel7,0,18
againletsgo1,https://twitter.com/againletsgo1,0,5
mahammedhasan7,https://twitter.com/mahammedhasan7,0,53
etd3lle1visqjnv,https://twitter.com/etd3lle1visqjnv,0,16
mohadem5,https://twitter.com/mohadem5,0,16
p86005565,https://twitter.com/p86005565,0,91
_steverea,https://twitter.com/_steverea,3,62
memo460544128,https://twitter.com/memo460544128,0,34
saudicitezen,https://twitter.com/saudicitezen,5,47
abdalla80380860,https://twitter.com/abdalla80380860,6,67
gour_abul,https://twitter.com/gour_abul,5,59
aboodaboog,https://twitter.com/aboodaboog,2,19
komal14121975,https://twitter.com/komal14121975,3,445
abdoo28847180,https://twitter.com/abdoo28847180,0,46
stone10443859,https://twitter.com/stone10443859,20,707
nuru98602443,https://twitter.com/nuru98602443,0,43
muhanad61530661,https://twitter.com/muhanad61530661,5,49
hosam_ben,https://twitter.com/hosam_ben,6,66
noumanraqib4,https://twitter.com/noumanraqib4,0,50
mazharali21456,https://twitter.com/mazharali21456,3,28
abodhm6,https://twitter.com/abodhm6,4,48
abuabed52789620,https://twitter.com/abuabed52789620,0,13
nat04540211,https://twitter.com/nat04540211,0,25
sultan08788971,https://twitter.com/sultan08788971,0,416
di_limited,https://twitter.com/di_limited,0,35
abdoo11415896,https://twitter.com/abdoo11415896,0,47
ouj9eqhaciv0mmj,https://twitter.com/ouj9eqhaciv0mmj,133,1,699
93_tii,https://twitter.com/93_tii,40,76
abumary27349976,https://twitter.com/abumary27349976,5,100
mdshari59963420,https://twitter.com/mdshari59963420,2,61
haron22480196,https://twitter.com/haron22480196,0,45
muhamma08121324,https://twitter.com/muhamma08121324,17,226
dodo26906480,https://twitter.com/dodo26906480,2,44
majeedalahm,https://twitter.com/majeedalahm,133,83
sjfkcm0lstuyrjd,https://twitter.com/sjfkcm0lstuyrjd,2,36
efaap1yoyi0yxgd,https://twitter.com/efaap1yoyi0yxgd,2,56
nd25890893,https://twitter.com/nd25890893,3,46
hhhhhhh41796632,https://twitter.com/hhhhhhh41796632,2,49
1n8naw5klvmegjb,https://twitter.com/1n8naw5klvmegjb,117,451
juwel17493076,https://twitter.com/juwel17493076,4,65
maya57741126,https://twitter.com/maya57741126,3,30
micheal40098791,https://twitter.com/micheal40098791,35,158
ashraf64611658,https://twitter.com/ashraf64611658,3,58
salar370,https://twitter.com/salar370,0,16
royalsaudiairf1,https://twitter.com/royalsaudiairf1,4,13
rrrrr91528837,https://twitter.com/rrrrr91528837,4,123
sor82525428,https://twitter.com/sor82525428,4,145
shiroyasha_316,https://twitter.com/shiroyasha_316,2,73
mahmoud49791781,https://twitter.com/mahmoud49791781,2,55
mohab04834305,https://twitter.com/mohab04834305,26,857
tytmzrbyh0fiurl,https://twitter.com/tytmzrbyh0fiurl,0,52
s7eb1gyprocpdr4,https://twitter.com/s7eb1gyprocpdr4,8,254
853mq6gtcimf75u,https://twitter.com/853mq6gtcimf75u,0,28
modyrgb3,https://twitter.com/modyrgb3,9,173
asasxfd,https://twitter.com/asasxfd,2,48
mceloryelmo,https://twitter.com/mceloryelmo,0,43
towingdammam,https://twitter.com/towingdammam,10,32
mrmajid007,https://twitter.com/mrmajid007,18,278
