afahadabdullah, https://twitter.com/afahadabdullah
summitnano, https://twitter.com/summitnano
cathywolfe1, https://twitter.com/cathywolfe1
uaschallenge, https://twitter.com/uaschallenge
bbaasan1, https://twitter.com/bbaasan1
eeltown_org, https://twitter.com/eeltown_org
bluefin_blues, https://twitter.com/bluefin_blues
adamsoconnell, https://twitter.com/adamsoconnell
bufftutor, https://twitter.com/bufftutor
pandeysunil347, https://twitter.com/pandeysunil347
jamescwitte, https://twitter.com/jamescwitte
e_alruwily, https://twitter.com/e_alruwily
stuffcalledsara, https://twitter.com/stuffcalledsara
kai_not_kie, https://twitter.com/kai_not_kie
vaseagrant, https://twitter.com/vaseagrant
vacoastalsci, https://twitter.com/vacoastalsci
allisonfrick, https://twitter.com/allisonfrick
margaret_slavin, https://twitter.com/margaret_slavin
nisha_ali1, https://twitter.com/nisha_ali1
alyssa_marene, https://twitter.com/alyssa_marene
vmnfairfax, https://twitter.com/vmnfairfax
noahv2001, https://twitter.com/noahv2001
michaelrushin, https://twitter.com/michaelrushin
gcdi_georgetown, https://twitter.com/gcdi_georgetown
sharonspradling, https://twitter.com/sharonspradling
kep123456768, https://twitter.com/kep123456768
syzygy_analytix, https://twitter.com/syzygy_analytix
angelashoemake2, https://twitter.com/angelashoemake2
roxanaannel, https://twitter.com/roxanaannel
binni76824901, https://twitter.com/binni76824901
acrt03924502, https://twitter.com/acrt03924502
mao_sama, https://twitter.com/mao_sama
toeller94, https://twitter.com/toeller94
masontws, https://twitter.com/masontws
ztk211, https://twitter.com/ztk211
anneholton, https://twitter.com/anneholton
soccerpeep21, https://twitter.com/soccerpeep21
clarabreeding, https://twitter.com/clarabreeding
mohamme98498299, https://twitter.com/mohamme98498299
jackiedavistime, https://twitter.com/jackiedavistime
jameshoconnor, https://twitter.com/jameshoconnor
susantarabulsi, https://twitter.com/susantarabulsi
masonsbdc, https://twitter.com/masonsbdc
rehmanxdar, https://twitter.com/rehmanxdar
waynerea01, https://twitter.com/waynerea01
dakinmarketing, https://twitter.com/dakinmarketing
spin2boson, https://twitter.com/spin2boson
graulich_jack, https://twitter.com/graulich_jack
deepgreeneng, https://twitter.com/deepgreeneng
fredcosmo, https://twitter.com/fredcosmo
noralg7, https://twitter.com/noralg7
t_a_hutchinson, https://twitter.com/t_a_hutchinson
alonsoa71337774, https://twitter.com/alonsoa71337774
magtakla, https://twitter.com/magtakla
ciudadanospara, https://twitter.com/ciudadanospara
thomastherrien9, https://twitter.com/thomastherrien9
tsingh30, https://twitter.com/tsingh30
dinokatr, https://twitter.com/dinokatr
lfrancisrn, https://twitter.com/lfrancisrn
gmuwell, https://twitter.com/gmuwell
hmdkvk, https://twitter.com/hmdkvk
blackholegmu, https://twitter.com/blackholegmu
hylton_pac, https://twitter.com/hylton_pac
jacob_ludwick, https://twitter.com/jacob_ludwick
talentatkarsun, https://twitter.com/talentatkarsun
tanyaramseyer, https://twitter.com/tanyaramseyer
lovelaurene, https://twitter.com/lovelaurene
gmuhcr, https://twitter.com/gmuhcr
ae_gmu, https://twitter.com/ae_gmu
masondatalab, https://twitter.com/masondatalab
mlthompson7297, https://twitter.com/mlthompson7297
rigidneophyte, https://twitter.com/rigidneophyte
masonbiohealth, https://twitter.com/masonbiohealth
simobambo, https://twitter.com/simobambo
katlin1nicole, https://twitter.com/katlin1nicole
trinh_joelle, https://twitter.com/trinh_joelle
masonlearning, https://twitter.com/masonlearning
gmupssc, https://twitter.com/gmupssc
bethawhitephd1, https://twitter.com/bethawhitephd1
jaytaymorgan, https://twitter.com/jaytaymorgan
annfjennings, https://twitter.com/annfjennings
patriothacks, https://twitter.com/patriothacks
fern_unfurl, https://twitter.com/fern_unfurl
ylenia_chiari, https://twitter.com/ylenia_chiari
qxjaczfizokofsh, https://twitter.com/qxjaczfizokofsh
stuna, https://twitter.com/stuna
serg_rmp, https://twitter.com/serg_rmp
khatera82361220, https://twitter.com/khatera82361220
whar10, https://twitter.com/whar10
shakeel07788381, https://twitter.com/shakeel07788381
hala54025243, https://twitter.com/hala54025243
akmalrahe, https://twitter.com/akmalrahe
biotechmd, https://twitter.com/biotechmd
mohammad_fadely, https://twitter.com/mohammad_fadely
mohamed86701069, https://twitter.com/mohamed86701069
shadi32422756, https://twitter.com/shadi32422756
mohadem5, https://twitter.com/mohadem5
mdimran29224001, https://twitter.com/mdimran29224001
saudicitezen, https://twitter.com/saudicitezen
gour_abul, https://twitter.com/gour_abul
sadim03479580, https://twitter.com/sadim03479580
nat04540211, https://twitter.com/nat04540211
di_limited, https://twitter.com/di_limited
bibi1412hotmai1, https://twitter.com/bibi1412hotmai1
ouj9eqhaciv0mmj, https://twitter.com/ouj9eqhaciv0mmj
haron22480196, https://twitter.com/haron22480196
ibrahim52420611, https://twitter.com/ibrahim52420611
numanal26277977, https://twitter.com/numanal26277977
nd25890893, https://twitter.com/nd25890893
mohamed74612240, https://twitter.com/mohamed74612240
nona02797656, https://twitter.com/nona02797656
hanu89133430, https://twitter.com/hanu89133430
royalsaudiairf1, https://twitter.com/royalsaudiairf1
adam53325419, https://twitter.com/adam53325419
kaka51259913, https://twitter.com/kaka51259913
mceloryelmo, https://twitter.com/mceloryelmo
mrmajid007, https://twitter.com/mrmajid007
salmanalsager1, https://twitter.com/salmanalsager1
mohamma68669070, https://twitter.com/mohamma68669070
mido98294425, https://twitter.com/mido98294425
mustafa48370852, https://twitter.com/mustafa48370852
zhrani_t, https://twitter.com/zhrani_t
eva_blair10, https://twitter.com/eva_blair10
ssbasit1, https://twitter.com/ssbasit1
masoncehd, https://twitter.com/masoncehd
ultra_ic, https://twitter.com/ultra_ic
